time,x1,y1,x2,y2,x3,y3,x4,y4,x5,y5,x6,y6,x7,y7,x8,y8,x9,y9,x10,y10,x11,y11,x12,y12,x13,y13,x14,y14,x15,y15,x16,y16,x17,y17,x18,y18,x19,y19,x20,y20,x21,y21,x22,y22,x23,y23,x24,y24,x25,y25,x26,y26,x27,y27,x28,y28,x29,y29,x30,y30,x31,y31,x32,y32,x33,y33,x34,y34,x35,y35,x36,y36,x37,y37,x38,y38,x39,y39,x40,y40,x41,y41,x42,y42,x43,y43,x44,y44,x45,y45,x46,y46,x47,y47,x48,y48,x49,y49,x50,y50,x51,y51,x52,y52,x53,y53,x54,y54,x55,y55,x56,y56,x57,y57,x58,y58,x59,y59,x60,y60,x61,y61
0.0,52.35,65.95,52.25,65.95,52.15,65.95,52.050000000000004,65.95,51.95,65.95,51.85,65.95,51.75,65.95,51.65,65.95,51.550000000000004,65.95,51.45,65.95,51.35,65.95,51.25,65.95,51.15,65.95,51.050000000000004,65.95,50.95,65.95,50.85,65.95,50.75,65.95,50.65,65.95,50.550000000000004,65.95,50.45,65.95,50.35,65.95,50.25,65.95,50.15,65.95,50.050000000000004,65.95,49.95,65.95,49.85,65.95,49.75,65.95,49.65,65.95,49.550000000000004,65.95,49.45,65.95,49.35,65.95,49.25,65.95,49.15,65.95,49.050000000000004,65.95,48.95,65.95,48.85,65.95,48.75,65.95,48.65,65.95,48.550000000000004,65.95,48.45,65.95,48.35,65.95,48.25,65.95,48.15,65.95,48.050000000000004,65.95,47.95,65.95,47.85,65.95,47.75,65.95,47.65,65.95,47.55,65.95,47.45,65.95,47.35,65.95,47.25,65.95,47.15,65.95,47.05,65.95,46.95,65.95,46.85,65.95,46.75,65.95,46.65,65.95,46.55,65.95,46.45,65.95,46.35,65.95
0.1,52.25,65.95,52.15,65.95,52.050000000000004,65.95,51.95,65.95,51.85,65.95,51.75,65.95,51.65,65.95,51.550000000000004,65.95,51.45,65.95,51.35,65.95,51.25,65.95,51.15,65.95,51.050000000000004,65.95,50.95,65.95,50.85,65.95,50.75,65.95,50.65,65.95,50.550000000000004,65.95,50.45,65.95,50.35,65.95,50.25,65.95,50.15,65.95,50.050000000000004,65.95,49.95,65.95,49.85,65.95,49.75,65.95,49.65,65.95,49.550000000000004,65.95,49.45,65.95,49.35,65.95,49.25,65.95,49.15,65.95,49.050000000000004,65.95,48.95,65.95,48.85,65.95,48.75,65.95,48.65,65.95,48.550000000000004,65.95,48.45,65.95,48.35,65.95,48.25,65.95,48.15,65.95,48.050000000000004,65.95,47.95,65.95,47.85,65.95,47.75,65.95,47.65,65.95,47.550000000000004,65.95,47.45,65.95,47.35,65.95,47.25,65.95,47.15,65.95,47.050000000000004,65.95,46.95,65.95,46.85,65.95,46.75,65.95,46.65,65.95,46.550000000000004,65.95,46.45,65.95,46.35,65.95,46.25,65.95
0.2,52.15,65.95,52.050000000000004,65.95,51.95,65.95,51.85,65.95,51.75,65.95,51.65,65.95,51.550000000000004,65.95,51.45,65.95,51.35,65.95,51.25,65.95,51.15,65.95,51.050000000000004,65.95,50.95,65.95,50.85,65.95,50.75,65.95,50.65,65.95,50.550000000000004,65.95,50.45,65.95,50.35,65.95,50.25,65.95,50.15,65.95,50.050000000000004,65.95,49.95,65.95,49.85,65.95,49.75,65.95,49.65,65.95,49.550000000000004,65.95,49.45,65.95,49.35,65.95,49.25,65.95,49.15,65.95,49.050000000000004,65.95,48.95,65.95,48.85,65.95,48.75,65.95,48.65,65.95,48.550000000000004,65.95,48.45,65.95,48.35,65.95,48.25,65.95,48.15,65.95,48.05,65.95,47.95,65.95,47.85,65.95,47.75,65.95,47.65,65.95,47.55,65.95,47.45,65.95,47.35,65.95,47.25,65.95,47.15,65.95,47.05,65.95,46.95,65.95,46.85,65.95,46.75,65.95,46.65,65.95,46.55,65.95,46.45,65.95,46.35,65.95,46.25,65.95,46.15,65.95
0.30000000000000004,52.050000000000004,65.95,51.95,65.95,51.85,65.95,51.75,65.95,51.65,65.95,51.550000000000004,65.95,51.45,65.95,51.35,65.95,51.25,65.95,51.15,65.95,51.050000000000004,65.95,50.95,65.95,50.85,65.95,50.75,65.95,50.65,65.95,50.550000000000004,65.95,50.45,65.95,50.35,65.95,50.25,65.95,50.15,65.95,50.050000000000004,65.95,49.95,65.95,49.85,65.95,49.75,65.95,49.65,65.95,49.550000000000004,65.95,49.45,65.95,49.35,65.95,49.25,65.95,49.15,65.95,49.050000000000004,65.95,48.95,65.95,48.85,65.95,48.75,65.95,48.65,65.95,48.550000000000004,65.95,48.45,65.95,48.35,65.95,48.25,65.95,48.15,65.95,48.050000000000004,65.95,47.95,65.95,47.85,65.95,47.75,65.95,47.65,65.95,47.550000000000004,65.95,47.45,65.95,47.35,65.95,47.25,65.95,47.15,65.95,47.050000000000004,65.95,46.95,65.95,46.85,65.95,46.75,65.95,46.65,65.95,46.550000000000004,65.95,46.45,65.95,46.35,65.95,46.25,65.95,46.15,65.95,46.050000000000004,65.95
0.4,51.95,65.95,51.85,65.95,51.75,65.95,51.65,65.95,51.550000000000004,65.95,51.45,65.95,51.35,65.95,51.25,65.95,51.15,65.95,51.050000000000004,65.95,50.95,65.95,50.85,65.95,50.75,65.95,50.65,65.95,50.550000000000004,65.95,50.45,65.95,50.35,65.95,50.25,65.95,50.15,65.95,50.050000000000004,65.95,49.95,65.95,49.85,65.95,49.75,65.95,49.65,65.95,49.550000000000004,65.95,49.45,65.95,49.35,65.95,49.25,65.95,49.15,65.95,49.050000000000004,65.95,48.95,65.95,48.85,65.95,48.75,65.95,48.65,65.95,48.550000000000004,65.95,48.45,65.95,48.35,65.95,48.25,65.95,48.15,65.95,48.05,65.95,47.95,65.95,47.85,65.95,47.75,65.95,47.65,65.95,47.55,65.95,47.45,65.95,47.35,65.95,47.25,65.95,47.15,65.95,47.05,65.95,46.95,65.95,46.85,65.95,46.75,65.95,46.65,65.95,46.55,65.95,46.45,65.95,46.35,65.95,46.25,65.95,46.15,65.95,46.05,65.95,45.95,65.95
0.5,51.85,65.95,51.75,65.95,51.65,65.95,51.550000000000004,65.95,51.45,65.95,51.35,65.95,51.25,65.95,51.15,65.95,51.050000000000004,65.95,50.95,65.95,50.85,65.95,50.75,65.95,50.65,65.95,50.550000000000004,65.95,50.45,65.95,50.35,65.95,50.25,65.95,50.15,65.95,50.050000000000004,65.95,49.95,65.95,49.85,65.95,49.75,65.95,49.65,65.95,49.550000000000004,65.95,49.45,65.95,49.35,65.95,49.25,65.95,49.15,65.95,49.050000000000004,65.95,48.95,65.95,48.85,65.95,48.75,65.95,48.65,65.95,48.550000000000004,65.95,48.45,65.95,48.35,65.95,48.25,65.95,48.15,65.95,48.05,65.95,47.95,65.95,47.85,65.95,47.75,65.95,47.65,65.95,47.550000000000004,65.95,47.45,65.95,47.35,65.95,47.25,65.95,47.15,65.95,47.05,65.95,46.95,65.95,46.85,65.95,46.75,65.95,46.65,65.95,46.55,65.95,46.45,65.95,46.35,65.95,46.25,65.95,46.15,65.95,46.05,65.95,45.95,65.95,45.85,65.95
0.6000000000000001,51.75,65.95,51.65,65.95,51.550000000000004,65.95,51.45,65.95,51.35,65.95,51.25,65.95,51.15,65.95,51.050000000000004,65.95,50.95,65.95,50.85,65.95,50.75,65.95,50.65,65.95,50.550000000000004,65.95,50.45,65.95,50.35,65.95,50.25,65.95,50.15,65.95,50.050000000000004,65.95,49.95,65.95,49.85,65.95,49.75,65.95,49.65,65.95,49.550000000000004,65.95,49.45,65.95,49.35,65.95,49.25,65.95,49.15,65.95,49.050000000000004,65.95,48.95,65.95,48.85,65.95,48.75,65.95,48.65,65.95,48.550000000000004,65.95,48.45,65.95,48.35,65.95,48.25,65.95,48.15,65.95,48.05,65.95,47.95,65.95,47.85,65.95,47.75,65.95,47.65,65.95,47.55,65.95,47.45,65.95,47.35,65.95,47.25,65.95,47.15,65.95,47.05,65.95,46.95,65.95,46.85,65.95,46.75,65.95,46.65,65.95,46.55,65.95,46.45,65.95,46.35,65.95,46.25,65.95,46.15,65.95,46.05,65.95,45.95,65.95,45.85,65.95,45.75,65.95
0.7000000000000001,51.65,65.95,51.550000000000004,65.95,51.45,65.95,51.35,65.95,51.25,65.95,51.15,65.95,51.050000000000004,65.95,50.95,65.95,50.85,65.95,50.75,65.95,50.65,65.95,50.550000000000004,65.95,50.45,65.95,50.35,65.95,50.25,65.95,50.15,65.95,50.050000000000004,65.95,49.95,65.95,49.85,65.95,49.75,65.95,49.65,65.95,49.550000000000004,65.95,49.45,65.95,49.35,65.95,49.25,65.95,49.15,65.95,49.050000000000004,65.95,48.95,65.95,48.85,65.95,48.75,65.95,48.65,65.95,48.550000000000004,65.95,48.45,65.95,48.35,65.95,48.25,65.95,48.15,65.95,48.050000000000004,65.95,47.95,65.95,47.85,65.95,47.75,65.95,47.65,65.95,47.55,65.95,47.45,65.95,47.35,65.95,47.25,65.95,47.15,65.95,47.05,65.95,46.95,65.95,46.85,65.95,46.75,65.95,46.65,65.95,46.55,65.95,46.45,65.95,46.35,65.95,46.25,65.95,46.15,65.95,46.05,65.95,45.95,65.95,45.85,65.95,45.75,65.95,45.65,65.95
0.8,51.550000000000004,65.95,51.45,65.95,51.35,65.95,51.25,65.95,51.15,65.95,51.050000000000004,65.95,50.95,65.95,50.85,65.95,50.75,65.95,50.65,65.95,50.550000000000004,65.95,50.45,65.95,50.35,65.95,50.25,65.95,50.15,65.95,50.050000000000004,65.95,49.95,65.95,49.85,65.95,49.75,65.95,49.65,65.95,49.550000000000004,65.95,49.45,65.95,49.35,65.95,49.25,65.95,49.15,65.95,49.050000000000004,65.95,48.95,65.95,48.85,65.95,48.75,65.95,48.65,65.95,48.550000000000004,65.95,48.45,65.95,48.35,65.95,48.25,65.95,48.15,65.95,48.050000000000004,65.95,47.95,65.95,47.85,65.95,47.75,65.95,47.65,65.95,47.550000000000004,65.95,47.45,65.95,47.35,65.95,47.25,65.95,47.15,65.95,47.050000000000004,65.95,46.95,65.95,46.85,65.95,46.75,65.95,46.65,65.95,46.550000000000004,65.95,46.45,65.95,46.35,65.95,46.25,65.95,46.15,65.95,46.050000000000004,65.95,45.95,65.95,45.85,65.95,45.75,65.95,45.65,65.95,45.550000000000004,65.95
0.9,51.45,65.95,51.35,65.95,51.25,65.95,51.15,65.95,51.050000000000004,65.95,50.95,65.95,50.85,65.95,50.75,65.95,50.65,65.95,50.550000000000004,65.95,50.45,65.95,50.35,65.95,50.25,65.95,50.15,65.95,50.050000000000004,65.95,49.95,65.95,49.85,65.95,49.75,65.95,49.65,65.95,49.550000000000004,65.95,49.45,65.95,49.35,65.95,49.25,65.95,49.15,65.95,49.050000000000004,65.95,48.95,65.95,48.85,65.95,48.75,65.95,48.65,65.95,48.550000000000004,65.95,48.45,65.95,48.35,65.95,48.25,65.95,48.15,65.95,48.05,65.95,47.95,65.95,47.85,65.95,47.75,65.95,47.65,65.95,47.55,65.95,47.45,65.95,47.35,65.95,47.25,65.95,47.15,65.95,47.05,65.95,46.95,65.95,46.85,65.95,46.75,65.95,46.65,65.95,46.55,65.95,46.45,65.95,46.35,65.95,46.25,65.95,46.15,65.95,46.05,65.95,45.95,65.95,45.85,65.95,45.75,65.95,45.65,65.95,45.55,65.95,45.45,65.95
1.0,51.35,65.95,51.25,65.95,51.15,65.95,51.050000000000004,65.95,50.95,65.95,50.85,65.95,50.75,65.95,50.65,65.95,50.550000000000004,65.95,50.45,65.95,50.35,65.95,50.25,65.95,50.15,65.95,50.050000000000004,65.95,49.95,65.95,49.85,65.95,49.75,65.95,49.65,65.95,49.550000000000004,65.95,49.45,65.95,49.35,65.95,49.25,65.95,49.15,65.95,49.050000000000004,65.95,48.95,65.95,48.85,65.95,48.75,65.95,48.65,65.95,48.550000000000004,65.95,48.45,65.95,48.35,65.95,48.25,65.95,48.15,65.95,48.05,65.95,47.95,65.95,47.85,65.95,47.75,65.95,47.65,65.95,47.55,65.95,47.45,65.95,47.35,65.95,47.25,65.95,47.15,65.95,47.050000000000004,65.95,46.95,65.95,46.85,65.95,46.75,65.95,46.65,65.95,46.55,65.95,46.45,65.95,46.35,65.95,46.25,65.95,46.15,65.95,46.05,65.95,45.95,65.95,45.85,65.95,45.75,65.95,45.65,65.95,45.55,65.95,45.45,65.95,45.35,65.95
1.1,51.25,65.95,51.15,65.95,51.050000000000004,65.95,50.95,65.95,50.85,65.95,50.75,65.95,50.65,65.95,50.550000000000004,65.95,50.45,65.95,50.35,65.95,50.25,65.95,50.15,65.95,50.050000000000004,65.95,49.95,65.95,49.85,65.95,49.75,65.95,49.65,65.95,49.550000000000004,65.95,49.45,65.95,49.35,65.95,49.25,65.95,49.15,65.95,49.050000000000004,65.95,48.95,65.95,48.85,65.95,48.75,65.95,48.65,65.95,48.550000000000004,65.95,48.45,65.95,48.35,65.95,48.25,65.95,48.15,65.95,48.05,65.95,47.95,65.95,47.85,65.95,47.75,65.95,47.65,65.95,47.55,65.95,47.45,65.95,47.35,65.95,47.25,65.95,47.15,65.95,47.05,65.95,46.95,65.95,46.85,65.95,46.75,65.95,46.65,65.95,46.55,65.95,46.45,65.95,46.35,65.95,46.25,65.95,46.15,65.95,46.05,65.95,45.95,65.95,45.85,65.95,45.75,65.95,45.65,65.95,45.55,65.95,45.45,65.95,45.35,65.95,45.25,65.95
1.2000000000000002,51.15,65.95,51.050000000000004,65.95,50.95,65.95,50.85,65.95,50.75,65.95,50.65,65.95,50.550000000000004,65.95,50.45,65.95,50.35,65.95,50.25,65.95,50.15,65.95,50.050000000000004,65.95,49.95,65.95,49.85,65.95,49.75,65.95,49.65,65.95,49.550000000000004,65.95,49.45,65.95,49.35,65.95,49.25,65.95,49.15,65.95,49.050000000000004,65.95,48.95,65.95,48.85,65.95,48.75,65.95,48.65,65.95,48.550000000000004,65.95,48.45,65.95,48.35,65.95,48.25,65.95,48.15,65.95,48.05,65.95,47.95,65.95,47.85,65.95,47.75,65.95,47.65,65.95,47.55,65.95,47.45,65.95,47.35,65.95,47.25,65.95,47.15,65.95,47.05,65.95,46.95,65.95,46.85,65.95,46.75,65.95,46.65,65.95,46.55,65.95,46.45,65.95,46.35,65.95,46.25,65.95,46.15,65.95,46.05,65.95,45.95,65.95,45.85,65.95,45.75,65.95,45.65,65.95,45.55,65.95,45.45,65.95,45.35,65.95,45.25,65.95,45.15,65.95
1.3,51.050000000000004,65.95,50.95,65.95,50.85,65.95,50.75,65.95,50.65,65.95,50.550000000000004,65.95,50.45,65.95,50.35,65.95,50.25,65.95,50.15,65.95,50.050000000000004,65.95,49.95,65.95,49.85,65.95,49.75,65.95,49.65,65.95,49.550000000000004,65.95,49.45,65.95,49.35,65.95,49.25,65.95,49.15,65.95,49.050000000000004,65.95,48.95,65.95,48.85,65.95,48.75,65.95,48.65,65.95,48.550000000000004,65.95,48.45,65.95,48.35,65.95,48.25,65.95,48.15,65.95,48.050000000000004,65.95,47.95,65.95,47.85,65.95,47.75,65.95,47.65,65.95,47.550000000000004,65.95,47.45,65.95,47.35,65.95,47.25,65.95,47.15,65.95,47.050000000000004,65.95,46.95,65.95,46.85,65.95,46.75,65.95,46.65,65.95,46.550000000000004,65.95,46.45,65.95,46.35,65.95,46.25,65.95,46.15,65.95,46.050000000000004,65.95,45.95,65.95,45.85,65.95,45.75,65.95,45.65,65.95,45.550000000000004,65.95,45.45,65.95,45.35,65.95,45.25,65.95,45.15,65.95,45.050000000000004,65.95
1.4000000000000001,50.95,65.95,50.85,65.95,50.75,65.95,50.65,65.95,50.550000000000004,65.95,50.45,65.95,50.35,65.95,50.25,65.95,50.15,65.95,50.050000000000004,65.95,49.95,65.95,49.85,65.95,49.75,65.95,49.65,65.95,49.550000000000004,65.95,49.45,65.95,49.35,65.95,49.25,65.95,49.15,65.95,49.050000000000004,65.95,48.95,65.95,48.85,65.95,48.75,65.95,48.65,65.95,48.55,65.95,48.45,65.95,48.35,65.95,48.25,65.95,48.15,65.95,48.05,65.95,47.95,65.95,47.85,65.95,47.75,65.95,47.65,65.95,47.55,65.95,47.45,65.95,47.35,65.95,47.25,65.95,47.15,65.95,47.05,65.95,46.95,65.95,46.85,65.95,46.75,65.95,46.65,65.95,46.55,65.95,46.45,65.95,46.35,65.95,46.25,65.95,46.15,65.95,46.05,65.95,45.95,65.95,45.85,65.95,45.75,65.95,45.65,65.95,45.55,65.95,45.45,65.95,45.35,65.95,45.25,65.95,45.15,65.95,45.05,65.95,44.95,65.95
1.5,50.85,65.95,50.75,65.95,50.65,65.95,50.550000000000004,65.95,50.45,65.95,50.35,65.95,50.25,65.95,50.15,65.95,50.050000000000004,65.95,49.95,65.95,49.85,65.95,49.75,65.95,49.65,65.95,49.550000000000004,65.95,49.45,65.95,49.35,65.95,49.25,65.95,49.15,65.95,49.050000000000004,65.95,48.95,65.95,48.85,65.95,48.75,65.95,48.65,65.95,48.550000000000004,65.95,48.45,65.95,48.35,65.95,48.25,65.95,48.15,65.95,48.05,65.95,47.95,65.95,47.85,65.95,47.75,65.95,47.65,65.95,47.55,65.95,47.45,65.95,47.35,65.95,47.25,65.95,47.15,65.95,47.05,65.95,46.95,65.95,46.85,65.95,46.75,65.95,46.65,65.95,46.550000000000004,65.95,46.45,65.95,46.35,65.95,46.25,65.95,46.15,65.95,46.05,65.95,45.95,65.95,45.85,65.95,45.75,65.95,45.65,65.95,45.55,65.95,45.45,65.95,45.35,65.95,45.25,65.95,45.15,65.95,45.05,65.95,44.95,65.95,44.85,65.95
1.6,50.75,65.95,50.65,65.95,50.550000000000004,65.95,50.45,65.95,50.35,65.95,50.25,65.95,50.15,65.95,50.050000000000004,65.95,49.95,65.95,49.85,65.95,49.75,65.95,49.65,65.95,49.550000000000004,65.95,49.45,65.95,49.35,65.95,49.25,65.95,49.15,65.95,49.050000000000004,65.95,48.95,65.95,48.85,65.95,48.75,65.95,48.65,65.95,48.550000000000004,65.95,48.45,65.95,48.35,65.95,48.25,65.95,48.15,65.95,48.05,65.95,47.95,65.95,47.85,65.95,47.75,65.95,47.65,65.95,47.55,65.95,47.45,65.95,47.35,65.95,47.25,65.95,47.15,65.95,47.05,65.95,46.95,65.95,46.85,65.95,46.75,65.95,46.65,65.95,46.55,65.95,46.45,65.95,46.35,65.95,46.25,65.95,46.15,65.95,46.05,65.95,45.95,65.95,45.85,65.95,45.75,65.95,45.65,65.95,45.55,65.95,45.45,65.95,45.35,65.95,45.25,65.95,45.15,65.95,45.05,65.95,44.95,65.95,44.85,65.95,44.75,65.95
1.7000000000000002,50.65,65.95,50.550000000000004,65.95,50.45,65.95,50.35,65.95,50.25,65.95,50.15,65.95,50.050000000000004,65.95,49.95,65.95,49.85,65.95,49.75,65.95,49.65,65.95,49.550000000000004,65.95,49.45,65.95,49.35,65.95,49.25,65.95,49.15,65.95,49.050000000000004,65.95,48.95,65.95,48.85,65.95,48.75,65.95,48.65,65.95,48.550000000000004,65.95,48.45,65.95,48.35,65.95,48.25,65.95,48.15,65.95,48.05,65.95,47.95,65.95,47.85,65.95,47.75,65.95,47.65,65.95,47.55,65.95,47.45,65.95,47.35,65.95,47.25,65.95,47.15,65.95,47.05,65.95,46.95,65.95,46.85,65.95,46.75,65.95,46.65,65.95,46.55,65.95,46.45,65.95,46.35,65.95,46.25,65.95,46.15,65.95,46.05,65.95,45.95,65.95,45.85,65.95,45.75,65.95,45.65,65.95,45.55,65.95,45.45,65.95,45.35,65.95,45.25,65.95,45.15,65.95,45.05,65.95,44.95,65.95,44.85,65.95,44.75,65.95,44.65,65.95
1.8,50.550000000000004,65.95,50.45,65.95,50.35,65.95,50.25,65.95,50.15,65.95,50.050000000000004,65.95,49.95,65.95,49.85,65.95,49.75,65.95,49.65,65.95,49.550000000000004,65.95,49.45,65.95,49.35,65.95,49.25,65.95,49.15,65.95,49.050000000000004,65.95,48.95,65.95,48.85,65.95,48.75,65.95,48.65,65.95,48.550000000000004,65.95,48.45,65.95,48.35,65.95,48.25,65.95,48.15,65.95,48.050000000000004,65.95,47.95,65.95,47.85,65.95,47.75,65.95,47.65,65.95,47.550000000000004,65.95,47.45,65.95,47.35,65.95,47.25,65.95,47.15,65.95,47.050000000000004,65.95,46.95,65.95,46.85,65.95,46.75,65.95,46.65,65.95,46.550000000000004,65.95,46.45,65.95,46.35,65.95,46.25,65.95,46.15,65.95,46.050000000000004,65.95,45.95,65.95,45.85,65.95,45.75,65.95,45.65,65.95,45.550000000000004,65.95,45.45,65.95,45.35,65.95,45.25,65.95,45.15,65.95,45.050000000000004,65.95,44.95,65.95,44.85,65.95,44.75,65.95,44.65,65.95,44.550000000000004,65.95
1.9000000000000001,50.45,65.95,50.35,65.95,50.25,65.95,50.15,65.95,50.050000000000004,65.95,49.95,65.95,49.85,65.95,49.75,65.95,49.65,65.95,49.550000000000004,65.95,49.45,65.95,49.35,65.95,49.25,65.95,49.15,65.95,49.050000000000004,65.95,48.95,65.95,48.85,65.95,48.75,65.95,48.65,65.95,48.550000000000004,65.95,48.45,65.95,48.35,65.95,48.25,65.95,48.15,65.95,48.05,65.95,47.95,65.95,47.85,65.95,47.75,65.95,47.65,65.95,47.55,65.95,47.45,65.95,47.35,65.95,47.25,65.95,47.15,65.95,47.05,65.95,46.95,65.95,46.85,65.95,46.75,65.95,46.65,65.95,46.55,65.95,46.45,65.95,46.35,65.95,46.25,65.95,46.15,65.95,46.05,65.95,45.95,65.95,45.85,65.95,45.75,65.95,45.65,65.95,45.55,65.95,45.45,65.95,45.35,65.95,45.25,65.95,45.15,65.95,45.05,65.95,44.95,65.95,44.85,65.95,44.75,65.95,44.65,65.95,44.55,65.95,44.45,65.95
2.0,50.35,65.95,50.25,65.95,50.15,65.95,50.050000000000004,65.95,49.95,65.95,49.85,65.95,49.75,65.95,49.65,65.95,49.550000000000004,65.95,49.45,65.95,49.35,65.95,49.25,65.95,49.15,65.95,49.050000000000004,65.95,48.95,65.95,48.85,65.95,48.75,65.95,48.65,65.95,48.550000000000004,65.95,48.45,65.95,48.35,65.95,48.25,65.95,48.15,65.95,48.05,65.95,47.95,65.95,47.85,65.95,47.75,65.95,47.65,65.95,47.55,65.95,47.45,65.95,47.35,65.95,47.25,65.95,47.15,65.95,47.05,65.95,46.95,65.95,46.85,65.95,46.75,65.95,46.65,65.95,46.55,65.95,46.45,65.95,46.35,65.95,46.25,65.95,46.15,65.95,46.050000000000004,65.95,45.95,65.95,45.85,65.95,45.75,65.95,45.65,65.95,45.55,65.95,45.45,65.95,45.35,65.95,45.25,65.95,45.15,65.95,45.05,65.95,44.95,65.95,44.85,65.95,44.75,65.95,44.65,65.95,44.55,65.95,44.45,65.95,44.35,65.95
2.1,50.25,65.95,50.15,65.95,50.050000000000004,65.95,49.95,65.95,49.85,65.95,49.75,65.95,49.65,65.95,49.550000000000004,65.95,49.45,65.95,49.35,65.95,49.25,65.95,49.15,65.95,49.050000000000004,65.95,48.95,65.95,48.85,65.95,48.75,65.95,48.65,65.95,48.550000000000004,65.95,48.45,65.95,48.35,65.95,48.25,65.95,48.15,65.95,48.05,65.95,47.95,65.95,47.85,65.95,47.75,65.95,47.65,65.95,47.55,65.95,47.45,65.95,47.35,65.95,47.25,65.95,47.15,65.95,47.05,65.95,46.95,65.95,46.85,65.95,46.75,65.95,46.65,65.95,46.55,65.95,46.45,65.95,46.35,65.95,46.25,65.95,46.15,65.95,46.05,65.95,45.95,65.95,45.85,65.95,45.75,65.95,45.65,65.95,45.55,65.95,45.45,65.95,45.35,65.95,45.25,65.95,45.15,65.95,45.05,65.95,44.95,65.95,44.85,65.95,44.75,65.95,44.65,65.95,44.55,65.95,44.45,65.95,44.35,65.95,44.25,65.95
2.2,50.15,65.95,50.050000000000004,65.95,49.95,65.95,49.85,65.95,49.75,65.95,49.65,65.95,49.550000000000004,65.95,49.45,65.95,49.35,65.95,49.25,65.95,49.15,65.95,49.050000000000004,65.95,48.95,65.95,48.85,65.95,48.75,65.95,48.65,65.95,48.550000000000004,65.95,48.45,65.95,48.35,65.95,48.25,65.95,48.15,65.95,48.05,65.95,47.95,65.95,47.85,65.95,47.75,65.95,47.65,65.95,47.55,65.95,47.45,65.95,47.35,65.95,47.25,65.95,47.15,65.95,47.05,65.95,46.95,65.95,46.85,65.95,46.75,65.95,46.65,65.95,46.55,65.95,46.45,65.95,46.35,65.95,46.25,65.95,46.15,65.95,46.05,65.95,45.95,65.95,45.85,65.95,45.75,65.95,45.65,65.95,45.55,65.95,45.45,65.95,45.35,65.95,45.25,65.95,45.15,65.95,45.05,65.95,44.95,65.95,44.85,65.95,44.75,65.95,44.65,65.95,44.55,65.95,44.45,65.95,44.35,65.95,44.25,65.95,44.150000000000006,65.95
2.3000000000000003,50.050000000000004,65.95,49.95,65.95,49.85,65.95,49.75,65.95,49.65,65.95,49.550000000000004,65.95,49.45,65.95,49.35,65.95,49.25,65.95,49.15,65.95,49.050000000000004,65.95,48.95,65.95,48.85,65.95,48.75,65.95,48.65,65.95,48.550000000000004,65.95,48.45,65.95,48.35,65.95,48.25,65.95,48.15,65.95,48.05,65.95,47.95,65.95,47.85,65.95,47.75,65.95,47.65,65.95,47.55,65.95,47.45,65.95,47.35,65.95,47.25,65.95,47.15,65.95,47.05,65.95,46.95,65.95,46.85,65.95,46.75,65.95,46.65,65.95,46.55,65.95,46.45,65.95,46.35,65.95,46.25,65.95,46.15,65.95,46.05,65.95,45.95,65.95,45.85,65.95,45.75,65.95,45.65,65.95,45.55,65.95,45.45,65.95,45.35,65.95,45.25,65.95,45.15,65.95,45.05,65.95,44.95,65.95,44.85,65.95,44.75,65.95,44.65,65.95,44.55,65.95,44.45,65.95,44.35,65.95,44.25,65.95,44.15,65.95,44.05,65.95
2.4000000000000004,49.95,65.95,49.85,65.95,49.75,65.95,49.65,65.95,49.550000000000004,65.95,49.45,65.95,49.35,65.95,49.25,65.95,49.15,65.95,49.050000000000004,65.95,48.95,65.95,48.85,65.95,48.75,65.95,48.65,65.95,48.55,65.95,48.45,65.95,48.35,65.95,48.25,65.95,48.15,65.95,48.05,65.95,47.95,65.95,47.85,65.95,47.75,65.95,47.65,65.95,47.55,65.95,47.45,65.95,47.35,65.95,47.25,65.95,47.15,65.95,47.05,65.95,46.95,65.95,46.85,65.95,46.75,65.95,46.65,65.95,46.55,65.95,46.45,65.95,46.35,65.95,46.25,65.95,46.15,65.95,46.05,65.95,45.95,65.95,45.85,65.95,45.75,65.95,45.65,65.95,45.55,65.95,45.45,65.95,45.35,65.95,45.25,65.95,45.15,65.95,45.05,65.95,44.95,65.95,44.85,65.95,44.75,65.95,44.65,65.95,44.55,65.95,44.45,65.95,44.35,65.95,44.25,65.95,44.15,65.95,44.05,65.95,43.95,65.95
2.5,49.85,65.95,49.75,65.95,49.65,65.95,49.550000000000004,65.95,49.45,65.95,49.35,65.95,49.25,65.95,49.15,65.95,49.050000000000004,65.95,48.95,65.95,48.85,65.95,48.75,65.95,48.65,65.95,48.550000000000004,65.95,48.45,65.95,48.35,65.95,48.25,65.95,48.15,65.95,48.050000000000004,65.95,47.95,65.95,47.85,65.95,47.75,65.95,47.65,65.95,47.55,65.95,47.45,65.95,47.35,65.95,47.25,65.95,47.15,65.95,47.05,65.95,46.95,65.95,46.85,65.95,46.75,65.95,46.65,65.95,46.55,65.95,46.45,65.95,46.35,65.95,46.25,65.95,46.15,65.95,46.05,65.95,45.95,65.95,45.85,65.95,45.75,65.95,45.65,65.95,45.550000000000004,65.95,45.45,65.95,45.35,65.95,45.25,65.95,45.15,65.95,45.05,65.95,44.95,65.95,44.85,65.95,44.75,65.95,44.65,65.95,44.55,65.95,44.45,65.95,44.35,65.95,44.25,65.95,44.150000000000006,65.95,44.05,65.95,43.95,65.95,43.85,65.95
2.6,49.75,65.95,49.65,65.95,49.550000000000004,65.95,49.45,65.95,49.35,65.95,49.25,65.95,49.15,65.95,49.050000000000004,65.95,48.95,65.95,48.85,65.95,48.75,65.95,48.65,65.95,48.550000000000004,65.95,48.45,65.95,48.35,65.95,48.25,65.95,48.15,65.95,48.05,65.95,47.95,65.95,47.85,65.95,47.75,65.95,47.65,65.95,47.55,65.95,47.45,65.95,47.35,65.95,47.25,65.95,47.15,65.95,47.05,65.95,46.95,65.95,46.85,65.95,46.75,65.95,46.65,65.95,46.55,65.95,46.45,65.95,46.35,65.95,46.25,65.95,46.15,65.95,46.05,65.95,45.95,65.95,45.85,65.95,45.75,65.95,45.65,65.95,45.55,65.95,45.45,65.95,45.35,65.95,45.25,65.95,45.15,65.95,45.05,65.95,44.95,65.95,44.85,65.95,44.75,65.95,44.65,65.95,44.55,65.95,44.45,65.95,44.35,65.95,44.25,65.95,44.15,65.95,44.05,65.95,43.95,65.95,43.85,65.95,43.75,65.95
2.7,49.65,65.95,49.550000000000004,65.95,49.45,65.95,49.35,65.95,49.25,65.95,49.15,65.95,49.050000000000004,65.95,48.95,65.95,48.85,65.95,48.75,65.95,48.65,65.95,48.550000000000004,65.95,48.45,65.95,48.35,65.95,48.25,65.95,48.15,65.95,48.05,65.95,47.95,65.95,47.85,65.95,47.75,65.95,47.65,65.95,47.55,65.95,47.45,65.95,47.35,65.95,47.25,65.95,47.15,65.95,47.05,65.95,46.95,65.95,46.85,65.95,46.75,65.95,46.65,65.95,46.55,65.95,46.45,65.95,46.35,65.95,46.25,65.95,46.15,65.95,46.05,65.95,45.95,65.95,45.85,65.95,45.75,65.95,45.65,65.95,45.55,65.95,45.45,65.95,45.35,65.95,45.25,65.95,45.15,65.95,45.05,65.95,44.95,65.95,44.85,65.95,44.75,65.95,44.65,65.95,44.55,65.95,44.45,65.95,44.35,65.95,44.25,65.95,44.150000000000006,65.95,44.05,65.95,43.95,65.95,43.85,65.95,43.75,65.95,43.650000000000006,65.95
2.8000000000000003,49.550000000000004,65.95,49.45,65.95,49.35,65.95,49.25,65.95,49.15,65.95,49.050000000000004,65.95,48.95,65.95,48.85,65.95,48.75,65.95,48.65,65.95,48.550000000000004,65.95,48.45,65.95,48.35,65.95,48.25,65.95,48.15,65.95,48.05,65.95,47.95,65.95,47.85,65.95,47.75,65.95,47.65,65.95,47.55,65.95,47.45,65.95,47.35,65.95,47.25,65.95,47.15,65.95,47.05,65.95,46.95,65.95,46.85,65.95,46.75,65.95,46.65,65.95,46.55,65.95,46.45,65.95,46.35,65.95,46.25,65.95,46.15,65.95,46.05,65.95,45.95,65.95,45.85,65.95,45.75,65.95,45.65,65.95,45.55,65.95,45.45,65.95,45.35,65.95,45.25,65.95,45.15,65.95,45.05,65.95,44.95,65.95,44.85,65.95,44.75,65.95,44.65,65.95,44.55,65.95,44.45,65.95,44.35,65.95,44.25,65.95,44.15,65.95,44.05,65.95,43.95,65.95,43.85,65.95,43.75,65.95,43.65,65.95,43.55,65.95
2.9000000000000004,49.45,65.95,49.35,65.95,49.25,65.95,49.15,65.95,49.050000000000004,65.95,48.95,65.95,48.85,65.95,48.75,65.95,48.65,65.95,48.550000000000004,65.95,48.45,65.95,48.35,65.95,48.25,65.95,48.15,65.95,48.05,65.95,47.95,65.95,47.85,65.95,47.75,65.95,47.65,65.95,47.55,65.95,47.45,65.95,47.35,65.95,47.25,65.95,47.15,65.95,47.05,65.95,46.95,65.95,46.85,65.95,46.75,65.95,46.65,65.95,46.55,65.95,46.45,65.95,46.35,65.95,46.25,65.95,46.15,65.95,46.05,65.95,45.95,65.95,45.85,65.95,45.75,65.95,45.65,65.95,45.55,65.95,45.45,65.95,45.35,65.95,45.25,65.95,45.15,65.95,45.05,65.95,44.95,65.95,44.85,65.95,44.75,65.95,44.65,65.95,44.55,65.95,44.45,65.95,44.35,65.95,44.25,65.95,44.15,65.95,44.05,65.95,43.95,65.95,43.85,65.95,43.75,65.95,43.65,65.95,43.55,65.95,43.45,65.95
3.0,49.35,65.95,49.25,65.95,49.15,65.95,49.050000000000004,65.95,48.95,65.95,48.85,65.95,48.75,65.95,48.65,65.95,48.550000000000004,65.95,48.45,65.95,48.35,65.95,48.25,65.95,48.15,65.95,48.050000000000004,65.95,47.95,65.95,47.85,65.95,47.75,65.95,47.65,65.95,47.550000000000004,65.95,47.45,65.95,47.35,65.95,47.25,65.95,47.15,65.95,47.05,65.95,46.95,65.95,46.85,65.95,46.75,65.95,46.65,65.95,46.55,65.95,46.45,65.95,46.35,65.95,46.25,65.95,46.15,65.95,46.05,65.95,45.95,65.95,45.85,65.95,45.75,65.95,45.65,65.95,45.55,65.95,45.45,65.95,45.35,65.95,45.25,65.95,45.15,65.95,45.050000000000004,65.95,44.95,65.95,44.85,65.95,44.75,65.95,44.65,65.95,44.55,65.95,44.45,65.95,44.35,65.95,44.25,65.95,44.150000000000006,65.95,44.05,65.95,43.95,65.95,43.85,65.95,43.75,65.95,43.650000000000006,65.95,43.55,65.95,43.45,65.95,43.35,65.95
3.1,49.25,65.95,49.15,65.95,49.050000000000004,65.95,48.95,65.95,48.85,65.95,48.75,65.95,48.65,65.95,48.550000000000004,65.95,48.45,65.95,48.35,65.95,48.25,65.95,48.15,65.95,48.05,65.95,47.95,65.95,47.85,65.95,47.75,65.95,47.65,65.95,47.55,65.95,47.45,65.95,47.35,65.95,47.25,65.95,47.15,65.95,47.05,65.95,46.95,65.95,46.85,65.95,46.75,65.95,46.65,65.95,46.55,65.95,46.45,65.95,46.35,65.95,46.25,65.95,46.15,65.95,46.05,65.95,45.95,65.95,45.85,65.95,45.75,65.95,45.65,65.95,45.55,65.95,45.45,65.95,45.35,65.95,45.25,65.95,45.15,65.95,45.05,65.95,44.95,65.95,44.85,65.95,44.75,65.95,44.65,65.95,44.55,65.95,44.45,65.95,44.35,65.95,44.25,65.95,44.15,65.95,44.05,65.95,43.95,65.95,43.85,65.95,43.75,65.95,43.65,65.95,43.55,65.95,43.45,65.95,43.35,65.95,43.25,65.95
3.2,49.15,65.95,49.050000000000004,65.95,48.95,65.95,48.85,65.95,48.75,65.95,48.65,65.95,48.550000000000004,65.95,48.45,65.95,48.35,65.95,48.25,65.95,48.15,65.95,48.05,65.95,47.95,65.95,47.85,65.95,47.75,65.95,47.65,65.95,47.55,65.95,47.45,65.95,47.35,65.95,47.25,65.95,47.15,65.95,47.05,65.95,46.95,65.95,46.85,65.95,46.75,65.95,46.65,65.95,46.55,65.95,46.45,65.95,46.35,65.95,46.25,65.95,46.15,65.95,46.05,65.95,45.95,65.95,45.85,65.95,45.75,65.95,45.65,65.95,45.55,65.95,45.45,65.95,45.35,65.95,45.25,65.95,45.15,65.95,45.05,65.95,44.95,65.95,44.85,65.95,44.75,65.95,44.65,65.95,44.55,65.95,44.45,65.95,44.35,65.95,44.25,65.95,44.150000000000006,65.95,44.05,65.95,43.95,65.95,43.85,65.95,43.75,65.95,43.650000000000006,65.95,43.55,65.95,43.45,65.95,43.35,65.95,43.25,65.95,43.150000000000006,65.95
3.3000000000000003,49.050000000000004,65.95,48.95,65.95,48.85,65.95,48.75,65.95,48.65,65.95,48.550000000000004,65.95,48.45,65.95,48.35,65.95,48.25,65.95,48.15,65.95,48.05,65.95,47.95,65.95,47.85,65.95,47.75,65.95,47.65,65.95,47.55,65.95,47.45,65.95,47.35,65.95,47.25,65.95,47.15,65.95,47.05,65.95,46.95,65.95,46.85,65.95,46.75,65.95,46.65,65.95,46.55,65.95,46.45,65.95,46.35,65.95,46.25,65.95,46.15,65.95,46.05,65.95,45.95,65.95,45.85,65.95,45.75,65.95,45.65,65.95,45.55,65.95,45.45,65.95,45.35,65.95,45.25,65.95,45.15,65.95,45.05,65.95,44.95,65.95,44.85,65.95,44.75,65.95,44.65,65.95,44.55,65.95,44.45,65.95,44.35,65.95,44.25,65.95,44.15,65.95,44.05,65.95,43.95,65.95,43.85,65.95,43.75,65.95,43.65,65.95,43.55,65.95,43.45,65.95,43.35,65.95,43.25,65.95,43.15,65.95,43.05,65.95
3.4000000000000004,48.95,65.95,48.85,65.95,48.75,65.95,48.65,65.95,48.550000000000004,65.95,48.45,65.95,48.35,65.95,48.25,65.95,48.15,65.95,48.05,65.95,47.95,65.95,47.85,65.95,47.75,65.95,47.65,65.95,47.55,65.95,47.45,65.95,47.35,65.95,47.25,65.95,47.15,65.95,47.05,65.95,46.95,65.95,46.85,65.95,46.75,65.95,46.65,65.95,46.55,65.95,46.45,65.95,46.35,65.95,46.25,65.95,46.15,65.95,46.05,65.95,45.95,65.95,45.85,65.95,45.75,65.95,45.65,65.95,45.55,65.95,45.45,65.95,45.35,65.95,45.25,65.95,45.15,65.95,45.05,65.95,44.95,65.95,44.85,65.95,44.75,65.95,44.65,65.95,44.55,65.95,44.45,65.95,44.35,65.95,44.25,65.95,44.15,65.95,44.05,65.95,43.95,65.95,43.85,65.95,43.75,65.95,43.65,65.95,43.55,65.95,43.45,65.95,43.35,65.95,43.25,65.95,43.15,65.95,43.05,65.95,42.95,65.95
3.5,48.85,65.95,48.75,65.95,48.65,65.95,48.550000000000004,65.95,48.45,65.95,48.35,65.95,48.25,65.95,48.15,65.95,48.050000000000004,65.95,47.95,65.95,47.85,65.95,47.75,65.95,47.65,65.95,47.550000000000004,65.95,47.45,65.95,47.35,65.95,47.25,65.95,47.15,65.95,47.050000000000004,65.95,46.95,65.95,46.85,65.95,46.75,65.95,46.65,65.95,46.55,65.95,46.45,65.95,46.35,65.95,46.25,65.95,46.15,65.95,46.05,65.95,45.95,65.95,45.85,65.95,45.75,65.95,45.65,65.95,45.55,65.95,45.45,65.95,45.35,65.95,45.25,65.95,45.15,65.95,45.05,65.95,44.95,65.95,44.85,65.95,44.75,65.95,44.65,65.95,44.550000000000004,65.95,44.45,65.95,44.35,65.95,44.25,65.95,44.150000000000006,65.95,44.05,65.95,43.95,65.95,43.85,65.95,43.75,65.95,43.650000000000006,65.95,43.55,65.95,43.45,65.95,43.35,65.95,43.25,65.95,43.150000000000006,65.95,43.05,65.95,42.95,65.95,42.85,65.95
3.6,48.75,65.95,48.65,65.95,48.550000000000004,65.95,48.45,65.95,48.35,65.95,48.25,65.95,48.15,65.95,48.050000000000004,65.95,47.95,65.95,47.85,65.95,47.75,65.95,47.65,65.95,47.55,65.95,47.45,65.95,47.35,65.95,47.25,65.95,47.15,65.95,47.05,65.95,46.95,65.95,46.85,65.95,46.75,65.95,46.65,65.95,46.55,65.95,46.45,65.95,46.35,65.95,46.25,65.95,46.15,65.95,46.05,65.95,45.95,65.95,45.85,65.95,45.75,65.95,45.65,65.95,45.55,65.95,45.45,65.95,45.35,65.95,45.25,65.95,45.15,65.95,45.05,65.95,44.95,65.95,44.85,65.95,44.75,65.95,44.65,65.95,44.55,65.95,44.45,65.95,44.35,65.95,44.25,65.95,44.15,65.95,44.05,65.95,43.95,65.95,43.85,65.95,43.75,65.95,43.65,65.95,43.55,65.95,43.45,65.95,43.35,65.95,43.25,65.95,43.15,65.95,43.05,65.95,42.95,65.95,42.85,65.95,42.75,65.95
3.7,48.65,65.95,48.550000000000004,65.95,48.45,65.95,48.35,65.95,48.25,65.95,48.15,65.95,48.05,65.95,47.95,65.95,47.85,65.95,47.75,65.95,47.65,65.95,47.55,65.95,47.45,65.95,47.35,65.95,47.25,65.95,47.15,65.95,47.05,65.95,46.95,65.95,46.85,65.95,46.75,65.95,46.65,65.95,46.55,65.95,46.45,65.95,46.35,65.95,46.25,65.95,46.15,65.95,46.05,65.95,45.95,65.95,45.85,65.95,45.75,65.95,45.65,65.95,45.55,65.95,45.45,65.95,45.35,65.95,45.25,65.95,45.15,65.95,45.05,65.95,44.95,65.95,44.85,65.95,44.75,65.95,44.65,65.95,44.55,65.95,44.45,65.95,44.35,65.95,44.25,65.95,44.150000000000006,65.95,44.05,65.95,43.95,65.95,43.85,65.95,43.75,65.95,43.650000000000006,65.95,43.55,65.95,43.45,65.95,43.35,65.95,43.25,65.95,43.150000000000006,65.95,43.05,65.95,42.95,65.95,42.85,65.95,42.75,65.95,42.650000000000006,65.95
3.8000000000000003,48.550000000000004,65.95,48.45,65.95,48.35,65.95,48.25,65.95,48.15,65.95,48.05,65.95,47.95,65.95,47.85,65.95,47.75,65.95,47.65,65.95,47.55,65.95,47.45,65.95,47.35,65.95,47.25,65.95,47.15,65.95,47.05,65.95,46.95,65.95,46.85,65.95,46.75,65.95,46.65,65.95,46.55,65.95,46.45,65.95,46.35,65.95,46.25,65.95,46.15,65.95,46.05,65.95,45.95,65.95,45.85,65.95,45.75,65.95,45.65,65.95,45.55,65.95,45.45,65.95,45.35,65.95,45.25,65.95,45.15,65.95,45.05,65.95,44.95,65.95,44.85,65.95,44.75,65.95,44.65,65.95,44.55,65.95,44.45,65.95,44.35,65.95,44.25,65.95,44.15,65.95,44.05,65.95,43.95,65.95,43.85,65.95,43.75,65.95,43.65,65.95,43.55,65.95,43.45,65.95,43.35,65.95,43.25,65.95,43.15,65.95,43.05,65.95,42.95,65.95,42.85,65.95,42.75,65.95,42.65,65.95,42.55,65.95
3.9000000000000004,48.45,65.95,48.35,65.95,48.25,65.95,48.15,65.95,48.05,65.95,47.95,65.95,47.85,65.95,47.75,65.95,47.65,65.95,47.55,65.95,47.45,65.95,47.35,65.95,47.25,65.95,47.15,65.95,47.05,65.95,46.95,65.95,46.85,65.95,46.75,65.95,46.65,65.95,46.55,65.95,46.45,65.95,46.35,65.95,46.25,65.95,46.15,65.95,46.05,65.95,45.95,65.95,45.85,65.95,45.75,65.95,45.65,65.95,45.55,65.95,45.45,65.95,45.35,65.95,45.25,65.95,45.15,65.95,45.05,65.95,44.95,65.95,44.85,65.95,44.75,65.95,44.65,65.95,44.55,65.95,44.45,65.95,44.35,65.95,44.25,65.95,44.150000000000006,65.95,44.05,65.95,43.95,65.95,43.85,65.95,43.75,65.95,43.65,65.95,43.55,65.95,43.45,65.95,43.35,65.95,43.25,65.95,43.15,65.95,43.05,65.95,42.95,65.95,42.85,65.95,42.75,65.95,42.65,65.95,42.55,65.95,42.45,65.95
4.0,48.35,65.95,48.25,65.95,48.15,65.95,48.050000000000004,65.95,47.95,65.95,47.85,65.95,47.75,65.95,47.65,65.95,47.550000000000004,65.95,47.45,65.95,47.35,65.95,47.25,65.95,47.15,65.95,47.050000000000004,65.95,46.95,65.95,46.85,65.95,46.75,65.95,46.65,65.95,46.550000000000004,65.95,46.45,65.95,46.35,65.95,46.25,65.95,46.15,65.95,46.05,65.95,45.95,65.95,45.85,65.95,45.75,65.95,45.65,65.95,45.55,65.95,45.45,65.95,45.35,65.95,45.25,65.95,45.15,65.95,45.05,65.95,44.95,65.95,44.85,65.95,44.75,65.95,44.65,65.95,44.55,65.95,44.45,65.95,44.35,65.95,44.25,65.95,44.150000000000006,65.95,44.05,65.95,43.95,65.95,43.85,65.95,43.75,65.95,43.650000000000006,65.95,43.55,65.95,43.45,65.95,43.35,65.95,43.25,65.95,43.150000000000006,65.95,43.05,65.95,42.95,65.95,42.85,65.95,42.75,65.95,42.650000000000006,65.95,42.55,65.95,42.45,65.95,42.35,65.95
4.1000000000000005,48.25,65.95,48.15,65.95,48.05,65.95,47.95,65.95,47.85,65.95,47.75,65.95,47.65,65.95,47.55,65.95,47.45,65.95,47.35,65.95,47.25,65.95,47.15,65.95,47.05,65.95,46.95,65.95,46.85,65.95,46.75,65.95,46.65,65.95,46.55,65.95,46.45,65.95,46.35,65.95,46.25,65.95,46.15,65.95,46.05,65.95,45.95,65.95,45.85,65.95,45.75,65.95,45.65,65.95,45.55,65.95,45.45,65.95,45.35,65.95,45.25,65.95,45.15,65.95,45.05,65.95,44.95,65.95,44.85,65.95,44.75,65.95,44.65,65.95,44.55,65.95,44.45,65.95,44.35,65.95,44.25,65.95,44.15,65.95,44.05,65.95,43.95,65.95,43.85,65.95,43.75,65.95,43.65,65.95,43.55,65.95,43.45,65.95,43.35,65.95,43.25,65.95,43.15,65.95,43.05,65.95,42.95,65.95,42.85,65.95,42.75,65.95,42.65,65.95,42.55,65.95,42.45,65.95,42.35,65.95,42.25,65.95
4.2,48.15,65.95,48.050000000000004,65.95,47.95,65.95,47.85,65.95,47.75,65.95,47.65,65.95,47.55,65.95,47.45,65.95,47.35,65.95,47.25,65.95,47.15,65.95,47.05,65.95,46.95,65.95,46.85,65.95,46.75,65.95,46.65,65.95,46.55,65.95,46.45,65.95,46.35,65.95,46.25,65.95,46.15,65.95,46.05,65.95,45.95,65.95,45.85,65.95,45.75,65.95,45.65,65.95,45.55,65.95,45.45,65.95,45.35,65.95,45.25,65.95,45.15,65.95,45.05,65.95,44.95,65.95,44.85,65.95,44.75,65.95,44.65,65.95,44.55,65.95,44.45,65.95,44.35,65.95,44.25,65.95,44.150000000000006,65.95,44.05,65.95,43.95,65.95,43.85,65.95,43.75,65.95,43.650000000000006,65.95,43.55,65.95,43.45,65.95,43.35,65.95,43.25,65.95,43.150000000000006,65.95,43.05,65.95,42.95,65.95,42.85,65.95,42.75,65.95,42.650000000000006,65.95,42.55,65.95,42.45,65.95,42.35,65.95,42.25,65.95,42.150000000000006,65.95
4.3,48.050000000000004,65.95,47.95,65.95,47.85,65.95,47.75,65.95,47.65,65.95,47.550000000000004,65.95,47.45,65.95,47.35,65.95,47.25,65.95,47.15,65.95,47.050000000000004,65.95,46.95,65.95,46.85,65.95,46.75,65.95,46.65,65.95,46.550000000000004,65.95,46.45,65.95,46.35,65.95,46.25,65.95,46.15,65.95,46.050000000000004,65.95,45.95,65.95,45.85,65.95,45.75,65.95,45.65,65.95,45.550000000000004,65.95,45.45,65.95,45.35,65.95,45.25,65.95,45.15,65.95,45.050000000000004,65.95,44.95,65.95,44.85,65.95,44.75,65.95,44.65,65.95,44.550000000000004,65.95,44.45,65.95,44.35,65.95,44.25,65.95,44.150000000000006,65.95,44.05,65.95,43.95,65.95,43.85,65.95,43.75,65.95,43.650000000000006,65.95,43.55,65.95,43.45,65.95,43.35,65.95,43.25,65.95,43.150000000000006,65.95,43.05,65.95,42.95,65.95,42.85,65.95,42.75,65.95,42.650000000000006,65.95,42.55,65.95,42.45,65.95,42.35,65.95,42.25,65.95,42.150000000000006,65.95,42.05,65.95
4.4,47.95,65.95,47.85,65.95,47.75,65.95,47.65,65.95,47.55,65.95,47.45,65.95,47.35,65.95,47.25,65.95,47.15,65.95,47.05,65.95,46.95,65.95,46.85,65.95,46.75,65.95,46.65,65.95,46.55,65.95,46.45,65.95,46.35,65.95,46.25,65.95,46.15,65.95,46.05,65.95,45.95,65.95,45.85,65.95,45.75,65.95,45.65,65.95,45.55,65.95,45.45,65.95,45.35,65.95,45.25,65.95,45.15,65.95,45.05,65.95,44.95,65.95,44.85,65.95,44.75,65.95,44.65,65.95,44.55,65.95,44.45,65.95,44.35,65.95,44.25,65.95,44.15,65.95,44.05,65.95,43.95,65.95,43.85,65.95,43.75,65.95,43.650000000000006,65.95,43.55,65.95,43.45,65.95,43.35,65.95,43.25,65.95,43.15,65.95,43.05,65.95,42.95,65.95,42.85,65.95,42.75,65.95,42.65,65.95,42.55,65.95,42.45,65.95,42.35,65.95,42.25,65.95,42.15,65.95,42.05,65.95,41.95,65.95
4.5,47.85,65.95,47.75,65.95,47.65,65.95,47.550000000000004,65.95,47.45,65.95,47.35,65.95,47.25,65.95,47.15,65.95,47.050000000000004,65.95,46.95,65.95,46.85,65.95,46.75,65.95,46.65,65.95,46.550000000000004,65.95,46.45,65.95,46.35,65.95,46.25,65.95,46.15,65.95,46.050000000000004,65.95,45.95,65.95,45.85,65.95,45.75,65.95,45.65,65.95,45.55,65.95,45.45,65.95,45.35,65.95,45.25,65.95,45.15,65.95,45.05,65.95,44.95,65.95,44.85,65.95,44.75,65.95,44.65,65.95,44.55,65.95,44.45,65.95,44.35,65.95,44.25,65.95,44.150000000000006,65.95,44.05,65.95,43.95,65.95,43.85,65.95,43.75,65.95,43.650000000000006,65.95,43.55,65.95,43.45,65.95,43.35,65.95,43.25,65.95,43.150000000000006,65.95,43.05,65.95,42.95,65.95,42.85,65.95,42.75,65.95,42.650000000000006,65.95,42.55,65.95,42.45,65.95,42.35,65.95,42.25,65.95,42.150000000000006,65.95,42.05,65.95,41.95,65.95,41.85,65.95
4.6000000000000005,47.75,65.95,47.65,65.95,47.55,65.95,47.45,65.95,47.35,65.95,47.25,65.95,47.15,65.95,47.05,65.95,46.95,65.95,46.85,65.95,46.75,65.95,46.65,65.95,46.55,65.95,46.45,65.95,46.35,65.95,46.25,65.95,46.15,65.95,46.05,65.95,45.95,65.95,45.85,65.95,45.75,65.95,45.65,65.95,45.55,65.95,45.45,65.95,45.35,65.95,45.25,65.95,45.15,65.95,45.05,65.95,44.95,65.95,44.85,65.95,44.75,65.95,44.65,65.95,44.55,65.95,44.45,65.95,44.35,65.95,44.25,65.95,44.15,65.95,44.05,65.95,43.95,65.95,43.85,65.95,43.75,65.95,43.65,65.95,43.55,65.95,43.45,65.95,43.35,65.95,43.25,65.95,43.15,65.95,43.05,65.95,42.95,65.95,42.85,65.95,42.75,65.95,42.65,65.95,42.55,65.95,42.45,65.95,42.35,65.95,42.25,65.95,42.15,65.95,42.05,65.95,41.95,65.95,41.85,65.95,41.75,65.95
4.7,47.65,65.95,47.550000000000004,65.95,47.45,65.95,47.35,65.95,47.25,65.95,47.15,65.95,47.05,65.95,46.95,65.95,46.85,65.95,46.75,65.95,46.65,65.95,46.55,65.95,46.45,65.95,46.35,65.95,46.25,65.95,46.15,65.95,46.05,65.95,45.95,65.95,45.85,65.95,45.75,65.95,45.65,65.95,45.55,65.95,45.45,65.95,45.35,65.95,45.25,65.95,45.15,65.95,45.05,65.95,44.95,65.95,44.85,65.95,44.75,65.95,44.65,65.95,44.55,65.95,44.45,65.95,44.35,65.95,44.25,65.95,44.150000000000006,65.95,44.05,65.95,43.95,65.95,43.85,65.95,43.75,65.95,43.650000000000006,65.95,43.55,65.95,43.45,65.95,43.35,65.95,43.25,65.95,43.150000000000006,65.95,43.05,65.95,42.95,65.95,42.85,65.95,42.75,65.95,42.650000000000006,65.95,42.55,65.95,42.45,65.95,42.35,65.95,42.25,65.95,42.150000000000006,65.95,42.05,65.95,41.95,65.95,41.85,65.95,41.75,65.95,41.650000000000006,65.95
4.800000000000001,47.55,65.95,47.45,65.95,47.35,65.95,47.25,65.95,47.15,65.95,47.05,65.95,46.95,65.95,46.85,65.95,46.75,65.95,46.65,65.95,46.55,65.95,46.45,65.95,46.35,65.95,46.25,65.95,46.15,65.95,46.05,65.95,45.95,65.95,45.85,65.95,45.75,65.95,45.65,65.95,45.55,65.95,45.45,65.95,45.35,65.95,45.25,65.95,45.15,65.95,45.05,65.95,44.95,65.95,44.85,65.95,44.75,65.95,44.65,65.95,44.55,65.95,44.45,65.95,44.35,65.95,44.25,65.95,44.15,65.95,44.05,65.95,43.95,65.95,43.85,65.95,43.75,65.95,43.65,65.95,43.55,65.95,43.45,65.95,43.35,65.95,43.25,65.95,43.15,65.95,43.05,65.95,42.95,65.95,42.85,65.95,42.75,65.95,42.65,65.95,42.55,65.95,42.45,65.95,42.35,65.95,42.25,65.95,42.15,65.95,42.05,65.95,41.95,65.95,41.85,65.95,41.75,65.95,41.65,65.95,41.55,65.95
4.9,47.45,65.95,47.35,65.95,47.25,65.95,47.15,65.95,47.05,65.95,46.95,65.95,46.85,65.95,46.75,65.95,46.65,65.95,46.55,65.95,46.45,65.95,46.35,65.95,46.25,65.95,46.15,65.95,46.05,65.95,45.95,65.95,45.85,65.95,45.75,65.95,45.65,65.95,45.55,65.95,45.45,65.95,45.35,65.95,45.25,65.95,45.15,65.95,45.05,65.95,44.95,65.95,44.85,65.95,44.75,65.95,44.65,65.95,44.55,65.95,44.45,65.95,44.35,65.95,44.25,65.95,44.15,65.95,44.05,65.95,43.95,65.95,43.85,65.95,43.75,65.95,43.65,65.95,43.55,65.95,43.45,65.95,43.35,65.95,43.25,65.95,43.150000000000006,65.95,43.05,65.95,42.95,65.95,42.85,65.95,42.75,65.95,42.65,65.95,42.55,65.95,42.45,65.95,42.35,65.95,42.25,65.95,42.15,65.95,42.05,65.95,41.95,65.95,41.85,65.95,41.75,65.95,41.65,65.95,41.55,65.95,41.45,65.95
5.0,47.35,65.95,47.25,65.95,47.15,65.95,47.050000000000004,65.95,46.95,65.95,46.85,65.95,46.75,65.95,46.65,65.95,46.550000000000004,65.95,46.45,65.95,46.35,65.95,46.25,65.95,46.15,65.95,46.050000000000004,65.95,45.95,65.95,45.85,65.95,45.75,65.95,45.65,65.95,45.550000000000004,65.95,45.45,65.95,45.35,65.95,45.25,65.95,45.15,65.95,45.05,65.95,44.95,65.95,44.85,65.95,44.75,65.95,44.65,65.95,44.55,65.95,44.45,65.95,44.35,65.95,44.25,65.95,44.150000000000006,65.95,44.05,65.95,43.95,65.95,43.85,65.95,43.75,65.95,43.650000000000006,65.95,43.55,65.95,43.45,65.95,43.35,65.95,43.25,65.95,43.150000000000006,65.95,43.05,65.95,42.95,65.95,42.85,65.95,42.75,65.95,42.650000000000006,65.95,42.55,65.95,42.45,65.95,42.35,65.95,42.25,65.95,42.150000000000006,65.95,42.05,65.95,41.95,65.95,41.85,65.95,41.75,65.95,41.650000000000006,65.95,41.55,65.95,41.45,65.95,41.35,65.95
5.1000000000000005,47.25,65.95,47.15,65.95,47.05,65.95,46.95,65.95,46.85,65.95,46.75,65.95,46.65,65.95,46.55,65.95,46.45,65.95,46.35,65.95,46.25,65.95,46.15,65.95,46.05,65.95,45.95,65.95,45.85,65.95,45.75,65.95,45.65,65.95,45.55,65.95,45.45,65.95,45.35,65.95,45.25,65.95,45.15,65.95,45.05,65.95,44.95,65.95,44.85,65.95,44.75,65.95,44.65,65.95,44.55,65.95,44.45,65.95,44.35,65.95,44.25,65.95,44.15,65.95,44.05,65.95,43.95,65.95,43.85,65.95,43.75,65.95,43.65,65.95,43.55,65.95,43.45,65.95,43.35,65.95,43.25,65.95,43.15,65.95,43.05,65.95,42.95,65.95,42.85,65.95,42.75,65.95,42.65,65.95,42.55,65.95,42.45,65.95,42.35,65.95,42.25,65.95,42.15,65.95,42.05,65.95,41.95,65.95,41.85,65.95,41.75,65.95,41.65,65.95,41.55,65.95,41.45,65.95,41.35,65.95,41.25,65.95
5.2,47.15,65.95,47.050000000000004,65.95,46.95,65.95,46.85,65.95,46.75,65.95,46.65,65.95,46.55,65.95,46.45,65.95,46.35,65.95,46.25,65.95,46.15,65.95,46.05,65.95,45.95,65.95,45.85,65.95,45.75,65.95,45.65,65.95,45.55,65.95,45.45,65.95,45.35,65.95,45.25,65.95,45.15,65.95,45.05,65.95,44.95,65.95,44.85,65.95,44.75,65.95,44.65,65.95,44.55,65.95,44.45,65.95,44.35,65.95,44.25,65.95,44.150000000000006,65.95,44.05,65.95,43.95,65.95,43.85,65.95,43.75,65.95,43.650000000000006,65.95,43.55,65.95,43.45,65.95,43.35,65.95,43.25,65.95,43.150000000000006,65.95,43.05,65.95,42.95,65.95,42.85,65.95,42.75,65.95,42.650000000000006,65.95,42.55,65.95,42.45,65.95,42.35,65.95,42.25,65.95,42.150000000000006,65.95,42.05,65.95,41.95,65.95,41.85,65.95,41.75,65.95,41.650000000000006,65.95,41.55,65.95,41.45,65.95,41.35,65.95,41.25,65.95,41.150000000000006,65.95
5.300000000000001,47.05,65.95,46.95,65.95,46.85,65.95,46.75,65.95,46.65,65.95,46.55,65.95,46.45,65.95,46.35,65.95,46.25,65.95,46.15,65.95,46.05,65.95,45.95,65.95,45.85,65.95,45.75,65.95,45.65,65.95,45.55,65.95,45.45,65.95,45.35,65.95,45.25,65.95,45.15,65.95,45.05,65.95,44.95,65.95,44.85,65.95,44.75,65.95,44.65,65.95,44.55,65.95,44.45,65.95,44.35,65.95,44.25,65.95,44.15,65.95,44.05,65.95,43.95,65.95,43.85,65.95,43.75,65.95,43.65,65.95,43.55,65.95,43.45,65.95,43.35,65.95,43.25,65.95,43.15,65.95,43.05,65.95,42.95,65.95,42.85,65.95,42.75,65.95,42.65,65.95,42.55,65.95,42.45,65.95,42.35,65.95,42.25,65.95,42.15,65.95,42.05,65.95,41.95,65.95,41.85,65.95,41.75,65.95,41.65,65.95,41.55,65.95,41.45,65.95,41.35,65.95,41.25,65.95,41.15,65.95,41.05,65.95
5.4,46.95,65.95,46.85,65.95,46.75,65.95,46.65,65.95,46.55,65.95,46.45,65.95,46.35,65.95,46.25,65.95,46.15,65.95,46.05,65.95,45.95,65.95,45.85,65.95,45.75,65.95,45.65,65.95,45.55,65.95,45.45,65.95,45.35,65.95,45.25,65.95,45.15,65.95,45.05,65.95,44.95,65.95,44.85,65.95,44.75,65.95,44.65,65.95,44.55,65.95,44.45,65.95,44.35,65.95,44.25,65.95,44.15,65.95,44.05,65.95,43.95,65.95,43.85,65.95,43.75,65.95,43.65,65.95,43.55,65.95,43.45,65.95,43.35,65.95,43.25,65.95,43.15,65.95,43.05,65.95,42.95,65.95,42.85,65.95,42.75,65.95,42.650000000000006,65.95,42.55,65.95,42.45,65.95,42.35,65.95,42.25,65.95,42.15,65.95,42.05,65.95,41.95,65.95,41.85,65.95,41.75,65.95,41.65,65.95,41.55,65.95,41.45,65.95,41.35,65.95,41.25,65.95,41.15,65.95,41.05,65.95,40.95,65.95
5.5,46.85,65.95,46.75,65.95,46.65,65.95,46.550000000000004,65.95,46.45,65.95,46.35,65.95,46.25,65.95,46.15,65.95,46.050000000000004,65.95,45.95,65.95,45.85,65.95,45.75,65.95,45.65,65.95,45.550000000000004,65.95,45.45,65.95,45.35,65.95,45.25,65.95,45.15,65.95,45.050000000000004,65.95,44.95,65.95,44.85,65.95,44.75,65.95,44.65,65.95,44.55,65.95,44.45,65.95,44.35,65.95,44.25,65.95,44.150000000000006,65.95,44.05,65.95,43.95,65.95,43.85,65.95,43.75,65.95,43.650000000000006,65.95,43.55,65.95,43.45,65.95,43.35,65.95,43.25,65.95,43.150000000000006,65.95,43.05,65.95,42.95,65.95,42.85,65.95,42.75,65.95,42.650000000000006,65.95,42.55,65.95,42.45,65.95,42.35,65.95,42.25,65.95,42.150000000000006,65.95,42.05,65.95,41.95,65.95,41.85,65.95,41.75,65.95,41.650000000000006,65.95,41.55,65.95,41.45,65.95,41.35,65.95,41.25,65.95,41.150000000000006,65.95,41.05,65.95,40.95,65.95,40.85,65.95
5.6000000000000005,46.75,65.95,46.65,65.95,46.55,65.95,46.45,65.95,46.35,65.95,46.25,65.95,46.15,65.95,46.05,65.95,45.95,65.95,45.85,65.95,45.75,65.95,45.65,65.95,45.55,65.95,45.45,65.95,45.35,65.95,45.25,65.95,45.15,65.95,45.05,65.95,44.95,65.95,44.85,65.95,44.75,65.95,44.65,65.95,44.55,65.95,44.45,65.95,44.35,65.95,44.25,65.95,44.15,65.95,44.05,65.95,43.95,65.95,43.85,65.95,43.75,65.95,43.65,65.95,43.55,65.95,43.45,65.95,43.35,65.95,43.25,65.95,43.15,65.95,43.05,65.95,42.95,65.95,42.85,65.95,42.75,65.95,42.65,65.95,42.55,65.95,42.45,65.95,42.35,65.95,42.25,65.95,42.15,65.95,42.05,65.95,41.95,65.95,41.85,65.95,41.75,65.95,41.65,65.95,41.55,65.95,41.45,65.95,41.35,65.95,41.25,65.95,41.15,65.95,41.05,65.95,40.95,65.95,40.85,65.95,40.75,65.95
5.7,46.65,65.95,46.550000000000004,65.95,46.45,65.95,46.35,65.95,46.25,65.95,46.15,65.95,46.05,65.95,45.95,65.95,45.85,65.95,45.75,65.95,45.65,65.95,45.55,65.95,45.45,65.95,45.35,65.95,45.25,65.95,45.15,65.95,45.05,65.95,44.95,65.95,44.85,65.95,44.75,65.95,44.65,65.95,44.55,65.95,44.45,65.95,44.35,65.95,44.25,65.95,44.150000000000006,65.95,44.05,65.95,43.95,65.95,43.85,65.95,43.75,65.95,43.650000000000006,65.95,43.55,65.95,43.45,65.95,43.35,65.95,43.25,65.95,43.150000000000006,65.95,43.05,65.95,42.95,65.95,42.85,65.95,42.75,65.95,42.650000000000006,65.95,42.55,65.95,42.45,65.95,42.35,65.95,42.25,65.95,42.150000000000006,65.95,42.05,65.95,41.95,65.95,41.85,65.95,41.75,65.95,41.650000000000006,65.95,41.55,65.95,41.45,65.95,41.35,65.95,41.25,65.95,41.150000000000006,65.95,41.05,65.95,40.95,65.95,40.85,65.95,40.75,65.95,40.650000000000006,65.95
5.800000000000001,46.55,65.95,46.45,65.95,46.35,65.95,46.25,65.95,46.15,65.95,46.05,65.95,45.95,65.95,45.85,65.95,45.75,65.95,45.65,65.95,45.55,65.95,45.45,65.95,45.35,65.95,45.25,65.95,45.15,65.95,45.05,65.95,44.95,65.95,44.85,65.95,44.75,65.95,44.65,65.95,44.55,65.95,44.45,65.95,44.35,65.95,44.25,65.95,44.15,65.95,44.05,65.95,43.95,65.95,43.85,65.95,43.75,65.95,43.65,65.95,43.55,65.95,43.45,65.95,43.35,65.95,43.25,65.95,43.15,65.95,43.05,65.95,42.95,65.95,42.85,65.95,42.75,65.95,42.65,65.95,42.55,65.95,42.45,65.95,42.35,65.95,42.25,65.95,42.15,65.95,42.05,65.95,41.95,65.95,41.85,65.95,41.75,65.95,41.65,65.95,41.55,65.95,41.45,65.95,41.35,65.95,41.25,65.95,41.15,65.95,41.05,65.95,40.95,65.95,40.85,65.95,40.75,65.95,40.65,65.95,40.55,65.95
5.9,46.45,65.95,46.35,65.95,46.25,65.95,46.15,65.95,46.05,65.95,45.95,65.95,45.85,65.95,45.75,65.95,45.65,65.95,45.55,65.95,45.45,65.95,45.35,65.95,45.25,65.95,45.15,65.95,45.05,65.95,44.95,65.95,44.85,65.95,44.75,65.95,44.65,65.95,44.55,65.95,44.45,65.95,44.35,65.95,44.25,65.95,44.15,65.95,44.05,65.95,43.95,65.95,43.85,65.95,43.75,65.95,43.65,65.95,43.55,65.95,43.45,65.95,43.35,65.95,43.25,65.95,43.15,65.95,43.05,65.95,42.95,65.95,42.85,65.95,42.75,65.95,42.65,65.95,42.55,65.95,42.45,65.95,42.35,65.95,42.25,65.95,42.150000000000006,65.95,42.05,65.95,41.95,65.95,41.85,65.95,41.75,65.95,41.65,65.95,41.55,65.95,41.45,65.95,41.35,65.95,41.25,65.95,41.15,65.95,41.05,65.95,40.95,65.95,40.85,65.95,40.75,65.95,40.65,65.95,40.55,65.95,40.45,65.95
6.0,46.35,65.95,46.25,65.95,46.15,65.95,46.050000000000004,65.95,45.95,65.95,45.85,65.95,45.75,65.95,45.65,65.95,45.550000000000004,65.95,45.45,65.95,45.35,65.95,45.25,65.95,45.15,65.95,45.050000000000004,65.95,44.95,65.95,44.85,65.95,44.75,65.95,44.65,65.95,44.550000000000004,65.95,44.45,65.95,44.35,65.95,44.25,65.95,44.150000000000006,65.95,44.05,65.95,43.95,65.95,43.85,65.95,43.75,65.95,43.650000000000006,65.95,43.55,65.95,43.45,65.95,43.35,65.95,43.25,65.95,43.150000000000006,65.95,43.05,65.95,42.95,65.95,42.85,65.95,42.75,65.95,42.650000000000006,65.95,42.55,65.95,42.45,65.95,42.35,65.95,42.25,65.95,42.150000000000006,65.95,42.05,65.95,41.95,65.95,41.85,65.95,41.75,65.95,41.650000000000006,65.95,41.55,65.95,41.45,65.95,41.35,65.95,41.25,65.95,41.150000000000006,65.95,41.05,65.95,40.95,65.95,40.85,65.95,40.75,65.95,40.650000000000006,65.95,40.55,65.95,40.45,65.95,40.35,65.95
6.1000000000000005,46.25,65.95,46.15,65.95,46.05,65.95,45.95,65.95,45.85,65.95,45.75,65.95,45.65,65.95,45.55,65.95,45.45,65.95,45.35,65.95,45.25,65.95,45.15,65.95,45.05,65.95,44.95,65.95,44.85,65.95,44.75,65.95,44.65,65.95,44.55,65.95,44.45,65.95,44.35,65.95,44.25,65.95,44.15,65.95,44.05,65.95,43.95,65.95,43.85,65.95,43.75,65.95,43.65,65.95,43.55,65.95,43.45,65.95,43.35,65.95,43.25,65.95,43.15,65.95,43.05,65.95,42.95,65.95,42.85,65.95,42.75,65.95,42.65,65.95,42.55,65.95,42.45,65.95,42.35,65.95,42.25,65.95,42.15,65.95,42.05,65.95,41.95,65.95,41.85,65.95,41.75,65.95,41.65,65.95,41.55,65.95,41.45,65.95,41.35,65.95,41.25,65.95,41.15,65.95,41.05,65.95,40.95,65.95,40.85,65.95,40.75,65.95,40.65,65.95,40.55,65.95,40.45,65.95,40.35,65.95,40.25,65.95
6.2,46.15,65.95,46.050000000000004,65.95,45.95,65.95,45.85,65.95,45.75,65.95,45.65,65.95,45.55,65.95,45.45,65.95,45.35,65.95,45.25,65.95,45.15,65.95,45.05,65.95,44.95,65.95,44.85,65.95,44.75,65.95,44.65,65.95,44.55,65.95,44.45,65.95,44.35,65.95,44.25,65.95,44.150000000000006,65.95,44.05,65.95,43.95,65.95,43.85,65.95,43.75,65.95,43.650000000000006,65.95,43.55,65.95,43.45,65.95,43.35,65.95,43.25,65.95,43.150000000000006,65.95,43.05,65.95,42.95,65.95,42.85,65.95,42.75,65.95,42.650000000000006,65.95,42.55,65.95,42.45,65.95,42.35,65.95,42.25,65.95,42.150000000000006,65.95,42.05,65.95,41.95,65.95,41.85,65.95,41.75,65.95,41.650000000000006,65.95,41.55,65.95,41.45,65.95,41.35,65.95,41.25,65.95,41.150000000000006,65.95,41.05,65.95,40.95,65.95,40.85,65.95,40.75,65.95,40.650000000000006,65.95,40.55,65.95,40.45,65.95,40.35,65.95,40.25,65.95,40.150000000000006,65.95
6.300000000000001,46.05,65.95,45.95,65.95,45.85,65.95,45.75,65.95,45.65,65.95,45.55,65.95,45.45,65.95,45.35,65.95,45.25,65.95,45.15,65.95,45.05,65.95,44.95,65.95,44.85,65.95,44.75,65.95,44.65,65.95,44.55,65.95,44.45,65.95,44.35,65.95,44.25,65.95,44.15,65.95,44.05,65.95,43.95,65.95,43.85,65.95,43.75,65.95,43.65,65.95,43.55,65.95,43.45,65.95,43.35,65.95,43.25,65.95,43.15,65.95,43.05,65.95,42.95,65.95,42.85,65.95,42.75,65.95,42.65,65.95,42.55,65.95,42.45,65.95,42.35,65.95,42.25,65.95,42.15,65.95,42.05,65.95,41.95,65.95,41.85,65.95,41.75,65.95,41.65,65.95,41.55,65.95,41.45,65.95,41.35,65.95,41.25,65.95,41.15,65.95,41.05,65.95,40.95,65.95,40.85,65.95,40.75,65.95,40.65,65.95,40.55,65.95,40.45,65.95,40.35,65.95,40.25,65.95,40.15,65.95,40.05,65.95
6.4,45.95,65.95,45.85,65.95,45.75,65.95,45.65,65.95,45.55,65.95,45.45,65.95,45.35,65.95,45.25,65.95,45.15,65.95,45.05,65.95,44.95,65.95,44.85,65.95,44.75,65.95,44.65,65.95,44.55,65.95,44.45,65.95,44.35,65.95,44.25,65.95,44.15,65.95,44.05,65.95,43.95,65.95,43.85,65.95,43.75,65.95,43.65,65.95,43.55,65.95,43.45,65.95,43.35,65.95,43.25,65.95,43.15,65.95,43.05,65.95,42.95,65.95,42.85,65.95,42.75,65.95,42.65,65.95,42.55,65.95,42.45,65.95,42.35,65.95,42.25,65.95,42.15,65.95,42.05,65.95,41.95,65.95,41.85,65.95,41.75,65.95,41.650000000000006,65.95,41.55,65.95,41.45,65.95,41.35,65.95,41.25,65.95,41.15,65.95,41.05,65.95,40.95,65.95,40.85,65.95,40.75,65.95,40.65,65.95,40.55,65.95,40.45,65.95,40.35,65.95,40.25,65.95,40.15,65.95,40.05,65.95,39.95,65.95
6.5,45.85,65.95,45.75,65.95,45.65,65.95,45.550000000000004,65.95,45.45,65.95,45.35,65.95,45.25,65.95,45.15,65.95,45.050000000000004,65.95,44.95,65.95,44.85,65.95,44.75,65.95,44.65,65.95,44.550000000000004,65.95,44.45,65.95,44.35,65.95,44.25,65.95,44.150000000000006,65.95,44.05,65.95,43.95,65.95,43.85,65.95,43.75,65.95,43.650000000000006,65.95,43.55,65.95,43.45,65.95,43.35,65.95,43.25,65.95,43.150000000000006,65.95,43.05,65.95,42.95,65.95,42.85,65.95,42.75,65.95,42.650000000000006,65.95,42.55,65.95,42.45,65.95,42.35,65.95,42.25,65.95,42.150000000000006,65.95,42.05,65.95,41.95,65.95,41.85,65.95,41.75,65.95,41.650000000000006,65.95,41.55,65.95,41.45,65.95,41.35,65.95,41.25,65.95,41.150000000000006,65.95,41.05,65.95,40.95,65.95,40.85,65.95,40.75,65.95,40.650000000000006,65.95,40.55,65.95,40.45,65.95,40.35,65.95,40.25,65.95,40.150000000000006,65.95,40.05,65.95,39.95,65.95,39.85,65.95
6.6000000000000005,45.75,65.95,45.65,65.95,45.55,65.95,45.45,65.95,45.35,65.95,45.25,65.95,45.15,65.95,45.05,65.95,44.95,65.95,44.85,65.95,44.75,65.95,44.65,65.95,44.55,65.95,44.45,65.95,44.35,65.95,44.25,65.95,44.15,65.95,44.05,65.95,43.95,65.95,43.85,65.95,43.75,65.95,43.65,65.95,43.55,65.95,43.45,65.95,43.35,65.95,43.25,65.95,43.15,65.95,43.05,65.95,42.95,65.95,42.85,65.95,42.75,65.95,42.65,65.95,42.55,65.95,42.45,65.95,42.35,65.95,42.25,65.95,42.15,65.95,42.05,65.95,41.95,65.95,41.85,65.95,41.75,65.95,41.65,65.95,41.55,65.95,41.45,65.95,41.35,65.95,41.25,65.95,41.15,65.95,41.05,65.95,40.95,65.95,40.85,65.95,40.75,65.95,40.65,65.95,40.55,65.95,40.45,65.95,40.35,65.95,40.25,65.95,40.15,65.95,40.05,65.95,39.95,65.95,39.85,65.95,39.75,65.95
6.7,45.65,65.95,45.550000000000004,65.95,45.45,65.95,45.35,65.95,45.25,65.95,45.15,65.95,45.05,65.95,44.95,65.95,44.85,65.95,44.75,65.95,44.65,65.95,44.55,65.95,44.45,65.95,44.35,65.95,44.25,65.95,44.150000000000006,65.95,44.05,65.95,43.95,65.95,43.85,65.95,43.75,65.95,43.650000000000006,65.95,43.55,65.95,43.45,65.95,43.35,65.95,43.25,65.95,43.150000000000006,65.95,43.05,65.95,42.95,65.95,42.85,65.95,42.75,65.95,42.650000000000006,65.95,42.55,65.95,42.45,65.95,42.35,65.95,42.25,65.95,42.150000000000006,65.95,42.05,65.95,41.95,65.95,41.85,65.95,41.75,65.95,41.650000000000006,65.95,41.55,65.95,41.45,65.95,41.35,65.95,41.25,65.95,41.150000000000006,65.95,41.05,65.95,40.95,65.95,40.85,65.95,40.75,65.95,40.650000000000006,65.95,40.55,65.95,40.45,65.95,40.35,65.95,40.25,65.95,40.150000000000006,65.95,40.05,65.95,39.95,65.95,39.85,65.95,39.75,65.95,39.650000000000006,65.95
6.800000000000001,45.55,65.95,45.45,65.95,45.35,65.95,45.25,65.95,45.15,65.95,45.05,65.95,44.95,65.95,44.85,65.95,44.75,65.95,44.65,65.95,44.55,65.95,44.45,65.95,44.35,65.95,44.25,65.95,44.15,65.95,44.05,65.95,43.95,65.95,43.85,65.95,43.75,65.95,43.65,65.95,43.55,65.95,43.45,65.95,43.35,65.95,43.25,65.95,43.15,65.95,43.05,65.95,42.95,65.95,42.85,65.95,42.75,65.95,42.65,65.95,42.55,65.95,42.45,65.95,42.35,65.95,42.25,65.95,42.15,65.95,42.05,65.95,41.95,65.95,41.85,65.95,41.75,65.95,41.65,65.95,41.55,65.95,41.45,65.95,41.35,65.95,41.25,65.95,41.15,65.95,41.05,65.95,40.95,65.95,40.85,65.95,40.75,65.95,40.65,65.95,40.55,65.95,40.45,65.95,40.35,65.95,40.25,65.95,40.15,65.95,40.05,65.95,39.95,65.95,39.85,65.95,39.75,65.95,39.65,65.95,39.55,65.95
6.9,45.45,65.95,45.35,65.95,45.25,65.95,45.15,65.95,45.05,65.95,44.95,65.95,44.85,65.95,44.75,65.95,44.65,65.95,44.55,65.95,44.45,65.95,44.35,65.95,44.25,65.95,44.15,65.95,44.05,65.95,43.95,65.95,43.85,65.95,43.75,65.95,43.65,65.95,43.55,65.95,43.45,65.95,43.35,65.95,43.25,65.95,43.15,65.95,43.05,65.95,42.95,65.95,42.85,65.95,42.75,65.95,42.65,65.95,42.55,65.95,42.45,65.95,42.35,65.95,42.25,65.95,42.15,65.95,42.05,65.95,41.95,65.95,41.85,65.95,41.75,65.95,41.65,65.95,41.55,65.95,41.45,65.95,41.35,65.95,41.25,65.95,41.150000000000006,65.95,41.05,65.95,40.95,65.95,40.85,65.95,40.75,65.95,40.65,65.95,40.55,65.95,40.45,65.95,40.35,65.95,40.25,65.95,40.15,65.95,40.05,65.95,39.95,65.95,39.85,65.95,39.75,65.95,39.65,65.95,39.55,65.95,39.45,65.95
7.0,45.35,65.95,45.25,65.95,45.15,65.95,45.050000000000004,65.95,44.95,65.95,44.85,65.95,44.75,65.95,44.65,65.95,44.550000000000004,65.95,44.45,65.95,44.35,65.95,44.25,65.95,44.150000000000006,65.95,44.05,65.95,43.95,65.95,43.85,65.95,43.75,65.95,43.650000000000006,65.95,43.55,65.95,43.45,65.95,43.35,65.95,43.25,65.95,43.150000000000006,65.95,43.05,65.95,42.95,65.95,42.85,65.95,42.75,65.95,42.650000000000006,65.95,42.55,65.95,42.45,65.95,42.35,65.95,42.25,65.95,42.150000000000006,65.95,42.05,65.95,41.95,65.95,41.85,65.95,41.75,65.95,41.650000000000006,65.95,41.55,65.95,41.45,65.95,41.35,65.95,41.25,65.95,41.150000000000006,65.95,41.05,65.95,40.95,65.95,40.85,65.95,40.75,65.95,40.650000000000006,65.95,40.55,65.95,40.45,65.95,40.35,65.95,40.25,65.95,40.150000000000006,65.95,40.05,65.95,39.95,65.95,39.85,65.95,39.75,65.95,39.650000000000006,65.95,39.55,65.95,39.45,65.95,39.35,65.95
7.1000000000000005,45.25,65.95,45.15,65.95,45.05,65.95,44.95,65.95,44.85,65.95,44.75,65.95,44.65,65.95,44.55,65.95,44.45,65.95,44.35,65.95,44.25,65.95,44.15,65.95,44.05,65.95,43.95,65.95,43.85,65.95,43.75,65.95,43.65,65.95,43.55,65.95,43.45,65.95,43.35,65.95,43.25,65.95,43.15,65.95,43.05,65.95,42.95,65.95,42.85,65.95,42.75,65.95,42.65,65.95,42.55,65.95,42.45,65.95,42.35,65.95,42.25,65.95,42.15,65.95,42.05,65.95,41.95,65.95,41.85,65.95,41.75,65.95,41.65,65.95,41.55,65.95,41.45,65.95,41.35,65.95,41.25,65.95,41.15,65.95,41.05,65.95,40.95,65.95,40.85,65.95,40.75,65.95,40.65,65.95,40.55,65.95,40.45,65.95,40.35,65.95,40.25,65.95,40.15,65.95,40.05,65.95,39.95,65.95,39.85,65.95,39.75,65.95,39.65,65.95,39.55,65.95,39.45,65.95,39.35,65.95,39.25,65.95
7.2,45.15,65.95,45.050000000000004,65.95,44.95,65.95,44.85,65.95,44.75,65.95,44.65,65.95,44.55,65.95,44.45,65.95,44.35,65.95,44.25,65.95,44.150000000000006,65.95,44.05,65.95,43.95,65.95,43.85,65.95,43.75,65.95,43.650000000000006,65.95,43.55,65.95,43.45,65.95,43.35,65.95,43.25,65.95,43.150000000000006,65.95,43.05,65.95,42.95,65.95,42.85,65.95,42.75,65.95,42.650000000000006,65.95,42.55,65.95,42.45,65.95,42.35,65.95,42.25,65.95,42.150000000000006,65.95,42.05,65.95,41.95,65.95,41.85,65.95,41.75,65.95,41.650000000000006,65.95,41.55,65.95,41.45,65.95,41.35,65.95,41.25,65.95,41.150000000000006,65.95,41.05,65.95,40.95,65.95,40.85,65.95,40.75,65.95,40.650000000000006,65.95,40.55,65.95,40.45,65.95,40.35,65.95,40.25,65.95,40.150000000000006,65.95,40.05,65.95,39.95,65.95,39.85,65.95,39.75,65.95,39.650000000000006,65.95,39.55,65.95,39.45,65.95,39.35,65.95,39.25,65.95,39.150000000000006,65.95
7.300000000000001,45.05,65.95,44.95,65.95,44.85,65.95,44.75,65.95,44.65,65.95,44.55,65.95,44.45,65.95,44.35,65.95,44.25,65.95,44.15,65.95,44.05,65.95,43.95,65.95,43.85,65.95,43.75,65.95,43.65,65.95,43.55,65.95,43.45,65.95,43.35,65.95,43.25,65.95,43.15,65.95,43.05,65.95,42.95,65.95,42.85,65.95,42.75,65.95,42.65,65.95,42.55,65.95,42.45,65.95,42.35,65.95,42.25,65.95,42.15,65.95,42.05,65.95,41.95,65.95,41.85,65.95,41.75,65.95,41.65,65.95,41.55,65.95,41.45,65.95,41.35,65.95,41.25,65.95,41.15,65.95,41.05,65.95,40.95,65.95,40.85,65.95,40.75,65.95,40.65,65.95,40.55,65.95,40.45,65.95,40.35,65.95,40.25,65.95,40.15,65.95,40.05,65.95,39.95,65.95,39.85,65.95,39.75,65.95,39.65,65.95,39.55,65.95,39.45,65.95,39.35,65.95,39.25,65.95,39.15,65.95,39.05,65.95
7.4,44.95,65.95,44.85,65.95,44.75,65.95,44.65,65.95,44.55,65.95,44.45,65.95,44.35,65.95,44.25,65.95,44.15,65.95,44.05,65.95,43.95,65.95,43.85,65.95,43.75,65.95,43.65,65.95,43.55,65.95,43.45,65.95,43.35,65.95,43.25,65.95,43.15,65.95,43.05,65.95,42.95,65.95,42.85,65.95,42.75,65.95,42.65,65.95,42.55,65.95,42.45,65.95,42.35,65.95,42.25,65.95,42.15,65.95,42.05,65.95,41.95,65.95,41.85,65.95,41.75,65.95,41.65,65.95,41.55,65.95,41.45,65.95,41.35,65.95,41.25,65.95,41.15,65.95,41.05,65.95,40.95,65.95,40.85,65.95,40.75,65.95,40.650000000000006,65.95,40.55,65.95,40.45,65.95,40.35,65.95,40.25,65.95,40.15,65.95,40.05,65.95,39.95,65.95,39.85,65.95,39.75,65.95,39.65,65.95,39.55,65.95,39.45,65.95,39.35,65.95,39.25,65.95,39.15,65.95,39.05,65.95,38.95,65.95
7.5,44.85,65.95,44.75,65.95,44.65,65.95,44.550000000000004,65.95,44.45,65.95,44.35,65.95,44.25,65.95,44.150000000000006,65.95,44.05,65.95,43.95,65.95,43.85,65.95,43.75,65.95,43.650000000000006,65.95,43.55,65.95,43.45,65.95,43.35,65.95,43.25,65.95,43.150000000000006,65.95,43.05,65.95,42.95,65.95,42.85,65.95,42.75,65.95,42.650000000000006,65.95,42.55,65.95,42.45,65.95,42.35,65.95,42.25,65.95,42.150000000000006,65.95,42.05,65.95,41.95,65.95,41.85,65.95,41.75,65.95,41.650000000000006,65.95,41.55,65.95,41.45,65.95,41.35,65.95,41.25,65.95,41.150000000000006,65.95,41.05,65.95,40.95,65.95,40.85,65.95,40.75,65.95,40.650000000000006,65.95,40.55,65.95,40.45,65.95,40.35,65.95,40.25,65.95,40.150000000000006,65.95,40.05,65.95,39.95,65.95,39.85,65.95,39.75,65.95,39.650000000000006,65.95,39.55,65.95,39.45,65.95,39.35,65.95,39.25,65.95,39.150000000000006,65.95,39.05,65.95,38.95,65.95,38.85,65.95
7.6000000000000005,44.75,65.95,44.65,65.95,44.55,65.95,44.45,65.95,44.35,65.95,44.25,65.95,44.15,65.95,44.05,65.95,43.95,65.95,43.85,65.95,43.75,65.95,43.65,65.95,43.55,65.95,43.45,65.95,43.35,65.95,43.25,65.95,43.15,65.95,43.05,65.95,42.95,65.95,42.85,65.95,42.75,65.95,42.65,65.95,42.55,65.95,42.45,65.95,42.35,65.95,42.25,65.95,42.15,65.95,42.05,65.95,41.95,65.95,41.85,65.95,41.75,65.95,41.65,65.95,41.55,65.95,41.45,65.95,41.35,65.95,41.25,65.95,41.15,65.95,41.05,65.95,40.95,65.95,40.85,65.95,40.75,65.95,40.65,65.95,40.55,65.95,40.45,65.95,40.35,65.95,40.25,65.95,40.15,65.95,40.05,65.95,39.95,65.95,39.85,65.95,39.75,65.95,39.65,65.95,39.55,65.95,39.45,65.95,39.35,65.95,39.25,65.95,39.15,65.95,39.05,65.95,38.95,65.95,38.85,65.95,38.75,65.95
7.7,44.65,65.95,44.550000000000004,65.95,44.45,65.95,44.35,65.95,44.25,65.95,44.150000000000006,65.95,44.05,65.95,43.95,65.95,43.85,65.95,43.75,65.95,43.650000000000006,65.95,43.55,65.95,43.45,65.95,43.35,65.95,43.25,65.95,43.150000000000006,65.95,43.05,65.95,42.95,65.95,42.85,65.95,42.75,65.95,42.650000000000006,65.95,42.55,65.95,42.45,65.95,42.35,65.95,42.25,65.95,42.150000000000006,65.95,42.05,65.95,41.95,65.95,41.85,65.95,41.75,65.95,41.650000000000006,65.95,41.55,65.95,41.45,65.95,41.35,65.95,41.25,65.95,41.150000000000006,65.95,41.05,65.95,40.95,65.95,40.85,65.95,40.75,65.95,40.650000000000006,65.95,40.55,65.95,40.45,65.95,40.35,65.95,40.25,65.95,40.150000000000006,65.95,40.05,65.95,39.95,65.95,39.85,65.95,39.75,65.95,39.650000000000006,65.95,39.55,65.95,39.45,65.95,39.35,65.95,39.25,65.95,39.150000000000006,65.95,39.05,65.95,38.95,65.95,38.85,65.95,38.75,65.95,38.650000000000006,65.95
7.800000000000001,44.55,65.95,44.45,65.95,44.35,65.95,44.25,65.95,44.15,65.95,44.05,65.95,43.95,65.95,43.85,65.95,43.75,65.95,43.65,65.95,43.55,65.95,43.45,65.95,43.35,65.95,43.25,65.95,43.15,65.95,43.05,65.95,42.95,65.95,42.85,65.95,42.75,65.95,42.65,65.95,42.55,65.95,42.45,65.95,42.35,65.95,42.25,65.95,42.15,65.95,42.05,65.95,41.95,65.95,41.85,65.95,41.75,65.95,41.65,65.95,41.55,65.95,41.45,65.95,41.35,65.95,41.25,65.95,41.15,65.95,41.05,65.95,40.95,65.95,40.85,65.95,40.75,65.95,40.65,65.95,40.55,65.95,40.45,65.95,40.35,65.95,40.25,65.95,40.15,65.95,40.05,65.95,39.95,65.95,39.85,65.95,39.75,65.95,39.65,65.95,39.55,65.95,39.45,65.95,39.35,65.95,39.25,65.95,39.15,65.95,39.05,65.95,38.95,65.95,38.85,65.95,38.75,65.95,38.65,65.95,38.55,65.95
7.9,44.45,65.95,44.35,65.95,44.25,65.95,44.15,65.95,44.05,65.95,43.95,65.95,43.85,65.95,43.75,65.95,43.65,65.95,43.55,65.95,43.45,65.95,43.35,65.95,43.25,65.95,43.15,65.95,43.05,65.95,42.95,65.95,42.85,65.95,42.75,65.95,42.65,65.95,42.55,65.95,42.45,65.95,42.35,65.95,42.25,65.95,42.15,65.95,42.05,65.95,41.95,65.95,41.85,65.95,41.75,65.95,41.65,65.95,41.55,65.95,41.45,65.95,41.35,65.95,41.25,65.95,41.15,65.95,41.05,65.95,40.95,65.95,40.85,65.95,40.75,65.95,40.65,65.95,40.55,65.95,40.45,65.95,40.35,65.95,40.25,65.95,40.150000000000006,65.95,40.05,65.95,39.95,65.95,39.85,65.95,39.75,65.95,39.65,65.95,39.55,65.95,39.45,65.95,39.35,65.95,39.25,65.95,39.15,65.95,39.05,65.95,38.95,65.95,38.85,65.95,38.75,65.95,38.65,65.95,38.55,65.95,38.45,65.95
8.0,44.35,65.95,44.25,65.95,44.150000000000006,65.95,44.05,65.95,43.95,65.95,43.85,65.95,43.75,65.95,43.650000000000006,65.95,43.55,65.95,43.45,65.95,43.35,65.95,43.25,65.95,43.150000000000006,65.95,43.05,65.95,42.95,65.95,42.85,65.95,42.75,65.95,42.650000000000006,65.95,42.55,65.95,42.45,65.95,42.35,65.95,42.25,65.95,42.150000000000006,65.95,42.05,65.95,41.95,65.95,41.85,65.95,41.75,65.95,41.650000000000006,65.95,41.55,65.95,41.45,65.95,41.35,65.95,41.25,65.95,41.150000000000006,65.95,41.05,65.95,40.95,65.95,40.85,65.95,40.75,65.95,40.650000000000006,65.95,40.55,65.95,40.45,65.95,40.35,65.95,40.25,65.95,40.150000000000006,65.95,40.05,65.95,39.95,65.95,39.85,65.95,39.75,65.95,39.650000000000006,65.95,39.55,65.95,39.45,65.95,39.35,65.95,39.25,65.95,39.150000000000006,65.95,39.05,65.95,38.95,65.95,38.85,65.95,38.75,65.95,38.650000000000006,65.95,38.55,65.95,38.45,65.95,38.35,65.95
8.1,44.25,65.95,44.150000000000006,65.95,44.050000000000004,65.95,43.95,65.95,43.85,65.95,43.75,65.95,43.650000000000006,65.95,43.550000000000004,65.95,43.45,65.95,43.35,65.95,43.25,65.95,43.150000000000006,65.95,43.05,65.95,42.95,65.95,42.85,65.95,42.75,65.95,42.650000000000006,65.95,42.55,65.95,42.45,65.95,42.35,65.95,42.25,65.95,42.150000000000006,65.95,42.05,65.95,41.95,65.95,41.85,65.95,41.75,65.95,41.650000000000006,65.95,41.55,65.95,41.45,65.95,41.35,65.95,41.25,65.95,41.150000000000006,65.95,41.05,65.95,40.95,65.95,40.85,65.95,40.75,65.95,40.650000000000006,65.95,40.55,65.95,40.45,65.95,40.35,65.95,40.25,65.95,40.150000000000006,65.95,40.05,65.95,39.95,65.95,39.85,65.95,39.75,65.95,39.650000000000006,65.95,39.55,65.95,39.45,65.95,39.35,65.95,39.25,65.95,39.150000000000006,65.95,39.05,65.95,38.95,65.95,38.85,65.95,38.75,65.95,38.650000000000006,65.95,38.55,65.95,38.45,65.95,38.35,65.95,38.25,65.95
8.200000000000001,44.15,65.95,44.05,65.95,43.95,65.95,43.85,65.95,43.75,65.95,43.65,65.95,43.55,65.95,43.45,65.95,43.35,65.95,43.25,65.95,43.15,65.95,43.05,65.95,42.95,65.95,42.85,65.95,42.75,65.95,42.65,65.95,42.55,65.95,42.45,65.95,42.35,65.95,42.25,65.95,42.15,65.95,42.05,65.95,41.95,65.95,41.85,65.95,41.75,65.95,41.65,65.95,41.55,65.95,41.45,65.95,41.35,65.95,41.25,65.95,41.15,65.95,41.05,65.95,40.95,65.95,40.85,65.95,40.75,65.95,40.65,65.95,40.55,65.95,40.45,65.95,40.35,65.95,40.25,65.95,40.15,65.95,40.05,65.95,39.95,65.95,39.85,65.95,39.75,65.95,39.65,65.95,39.55,65.95,39.45,65.95,39.35,65.95,39.25,65.95,39.15,65.95,39.05,65.95,38.95,65.95,38.85,65.95,38.75,65.95,38.65,65.95,38.55,65.95,38.45,65.95,38.35,65.95,38.25,65.95,38.15,65.95
8.3,44.05,65.95,43.95,65.95,43.85,65.95,43.75,65.95,43.65,65.95,43.55,65.95,43.45,65.95,43.35,65.95,43.25,65.95,43.15,65.95,43.05,65.95,42.95,65.95,42.85,65.95,42.75,65.95,42.65,65.95,42.55,65.95,42.45,65.95,42.35,65.95,42.25,65.95,42.15,65.95,42.05,65.95,41.95,65.95,41.85,65.95,41.75,65.95,41.65,65.95,41.55,65.95,41.45,65.95,41.35,65.95,41.25,65.95,41.15,65.95,41.05,65.95,40.95,65.95,40.85,65.95,40.75,65.95,40.65,65.95,40.55,65.95,40.45,65.95,40.35,65.95,40.25,65.95,40.15,65.95,40.05,65.95,39.95,65.95,39.85,65.95,39.75,65.95,39.65,65.95,39.55,65.95,39.45,65.95,39.35,65.95,39.25,65.95,39.15,65.95,39.05,65.95,38.95,65.95,38.85,65.95,38.75,65.95,38.65,65.95,38.55,65.95,38.45,65.95,38.35,65.95,38.25,65.95,38.15,65.95,38.05,65.95
8.4,43.95,65.95,43.85,65.95,43.75,65.95,43.65,65.95,43.55,65.95,43.45,65.95,43.35,65.95,43.25,65.95,43.15,65.95,43.05,65.95,42.95,65.95,42.85,65.95,42.75,65.95,42.65,65.95,42.55,65.95,42.45,65.95,42.35,65.95,42.25,65.95,42.15,65.95,42.05,65.95,41.95,65.95,41.85,65.95,41.75,65.95,41.65,65.95,41.55,65.95,41.45,65.95,41.35,65.95,41.25,65.95,41.15,65.95,41.05,65.95,40.95,65.95,40.85,65.95,40.75,65.95,40.65,65.95,40.55,65.95,40.45,65.95,40.35,65.95,40.25,65.95,40.15,65.95,40.05,65.95,39.95,65.95,39.85,65.95,39.75,65.95,39.650000000000006,65.95,39.55,65.95,39.45,65.95,39.35,65.95,39.25,65.95,39.15,65.95,39.05,65.95,38.95,65.95,38.85,65.95,38.75,65.95,38.65,65.95,38.55,65.95,38.45,65.95,38.35,65.95,38.25,65.95,38.15,65.95,38.05,65.95,37.95,65.95
8.5,43.85,65.95,43.75,65.95,43.650000000000006,65.95,43.55,65.95,43.45,65.95,43.35,65.95,43.25,65.95,43.150000000000006,65.95,43.05,65.95,42.95,65.95,42.85,65.95,42.75,65.95,42.650000000000006,65.95,42.55,65.95,42.45,65.95,42.35,65.95,42.25,65.95,42.150000000000006,65.95,42.05,65.95,41.95,65.95,41.85,65.95,41.75,65.95,41.650000000000006,65.95,41.55,65.95,41.45,65.95,41.35,65.95,41.25,65.95,41.150000000000006,65.95,41.05,65.95,40.95,65.95,40.85,65.95,40.75,65.95,40.650000000000006,65.95,40.55,65.95,40.45,65.95,40.35,65.95,40.25,65.95,40.150000000000006,65.95,40.05,65.95,39.95,65.95,39.85,65.95,39.75,65.95,39.650000000000006,65.95,39.55,65.95,39.45,65.95,39.35,65.95,39.25,65.95,39.150000000000006,65.95,39.05,65.95,38.95,65.95,38.85,65.95,38.75,65.95,38.650000000000006,65.95,38.55,65.95,38.45,65.95,38.35,65.95,38.25,65.95,38.150000000000006,65.95,38.05,65.95,37.95,65.95,37.85,65.95
8.6,43.75,65.95,43.650000000000006,65.95,43.550000000000004,65.95,43.45,65.95,43.35,65.95,43.25,65.95,43.150000000000006,65.95,43.050000000000004,65.95,42.95,65.95,42.85,65.95,42.75,65.95,42.650000000000006,65.95,42.55,65.95,42.45,65.95,42.35,65.95,42.25,65.95,42.150000000000006,65.95,42.05,65.95,41.95,65.95,41.85,65.95,41.75,65.95,41.650000000000006,65.95,41.55,65.95,41.45,65.95,41.35,65.95,41.25,65.95,41.150000000000006,65.95,41.05,65.95,40.95,65.95,40.85,65.95,40.75,65.95,40.650000000000006,65.95,40.55,65.95,40.45,65.95,40.35,65.95,40.25,65.95,40.150000000000006,65.95,40.05,65.95,39.95,65.95,39.85,65.95,39.75,65.95,39.650000000000006,65.95,39.55,65.95,39.45,65.95,39.35,65.95,39.25,65.95,39.150000000000006,65.95,39.05,65.95,38.95,65.95,38.85,65.95,38.75,65.95,38.650000000000006,65.95,38.55,65.95,38.45,65.95,38.35,65.95,38.25,65.95,38.150000000000006,65.95,38.05,65.95,37.95,65.95,37.85,65.95,37.75,65.95
8.700000000000001,43.65,65.95,43.55,65.95,43.45,65.95,43.35,65.95,43.25,65.95,43.15,65.95,43.05,65.95,42.95,65.95,42.85,65.95,42.75,65.95,42.65,65.95,42.55,65.95,42.45,65.95,42.35,65.95,42.25,65.95,42.15,65.95,42.05,65.95,41.95,65.95,41.85,65.95,41.75,65.95,41.65,65.95,41.55,65.95,41.45,65.95,41.35,65.95,41.25,65.95,41.15,65.95,41.05,65.95,40.95,65.95,40.85,65.95,40.75,65.95,40.65,65.95,40.55,65.95,40.45,65.95,40.35,65.95,40.25,65.95,40.15,65.95,40.05,65.95,39.95,65.95,39.85,65.95,39.75,65.95,39.65,65.95,39.55,65.95,39.45,65.95,39.35,65.95,39.25,65.95,39.15,65.95,39.05,65.95,38.95,65.95,38.85,65.95,38.75,65.95,38.65,65.95,38.55,65.95,38.45,65.95,38.35,65.95,38.25,65.95,38.15,65.95,38.05,65.95,37.95,65.95,37.85,65.95,37.75,65.95,37.65,65.95
8.8,43.55,65.95,43.45,65.95,43.35,65.95,43.25,65.95,43.15,65.95,43.05,65.95,42.95,65.95,42.85,65.95,42.75,65.95,42.65,65.95,42.55,65.95,42.45,65.95,42.35,65.95,42.25,65.95,42.15,65.95,42.05,65.95,41.95,65.95,41.85,65.95,41.75,65.95,41.65,65.95,41.55,65.95,41.45,65.95,41.35,65.95,41.25,65.95,41.15,65.95,41.05,65.95,40.95,65.95,40.85,65.95,40.75,65.95,40.65,65.95,40.55,65.95,40.45,65.95,40.35,65.95,40.25,65.95,40.15,65.95,40.05,65.95,39.95,65.95,39.85,65.95,39.75,65.95,39.65,65.95,39.55,65.95,39.45,65.95,39.35,65.95,39.25,65.95,39.15,65.95,39.05,65.95,38.95,65.95,38.85,65.95,38.75,65.95,38.65,65.95,38.55,65.95,38.45,65.95,38.35,65.95,38.25,65.95,38.15,65.95,38.05,65.95,37.95,65.95,37.85,65.95,37.75,65.95,37.65,65.95,37.55,65.95
8.9,43.45,65.95,43.35,65.95,43.25,65.95,43.15,65.95,43.05,65.95,42.95,65.95,42.85,65.95,42.75,65.95,42.65,65.95,42.55,65.95,42.45,65.95,42.35,65.95,42.25,65.95,42.15,65.95,42.05,65.95,41.95,65.95,41.85,65.95,41.75,65.95,41.65,65.95,41.55,65.95,41.45,65.95,41.35,65.95,41.25,65.95,41.15,65.95,41.05,65.95,40.95,65.95,40.85,65.95,40.75,65.95,40.65,65.95,40.55,65.95,40.45,65.95,40.35,65.95,40.25,65.95,40.15,65.95,40.05,65.95,39.95,65.95,39.85,65.95,39.75,65.95,39.65,65.95,39.55,65.95,39.45,65.95,39.35,65.95,39.25,65.95,39.150000000000006,65.95,39.05,65.95,38.95,65.95,38.85,65.95,38.75,65.95,38.65,65.95,38.55,65.95,38.45,65.95,38.35,65.95,38.25,65.95,38.15,65.95,38.05,65.95,37.95,65.95,37.85,65.95,37.75,65.95,37.65,65.95,37.55,65.95,37.45,65.95
9.0,43.35,65.95,43.25,65.95,43.150000000000006,65.95,43.05,65.95,42.95,65.95,42.85,65.95,42.75,65.95,42.650000000000006,65.95,42.55,65.95,42.45,65.95,42.35,65.95,42.25,65.95,42.150000000000006,65.95,42.05,65.95,41.95,65.95,41.85,65.95,41.75,65.95,41.650000000000006,65.95,41.55,65.95,41.45,65.95,41.35,65.95,41.25,65.95,41.150000000000006,65.95,41.05,65.95,40.95,65.95,40.85,65.95,40.75,65.95,40.650000000000006,65.95,40.55,65.95,40.45,65.95,40.35,65.95,40.25,65.95,40.150000000000006,65.95,40.05,65.95,39.95,65.95,39.85,65.95,39.75,65.95,39.650000000000006,65.95,39.55,65.95,39.45,65.95,39.35,65.95,39.25,65.95,39.150000000000006,65.95,39.05,65.95,38.95,65.95,38.85,65.95,38.75,65.95,38.650000000000006,65.95,38.55,65.95,38.45,65.95,38.35,65.95,38.25,65.95,38.150000000000006,65.95,38.05,65.95,37.95,65.95,37.85,65.95,37.75,65.95,37.650000000000006,65.95,37.55,65.95,37.45,65.95,37.35,65.95
9.1,43.25,65.95,43.150000000000006,65.95,43.050000000000004,65.95,42.95,65.95,42.85,65.95,42.75,65.95,42.650000000000006,65.95,42.550000000000004,65.95,42.45,65.95,42.35,65.95,42.25,65.95,42.150000000000006,65.95,42.05,65.95,41.95,65.95,41.85,65.95,41.75,65.95,41.650000000000006,65.95,41.55,65.95,41.45,65.95,41.35,65.95,41.25,65.95,41.150000000000006,65.95,41.05,65.95,40.95,65.95,40.85,65.95,40.75,65.95,40.650000000000006,65.95,40.55,65.95,40.45,65.95,40.35,65.95,40.25,65.95,40.150000000000006,65.95,40.05,65.95,39.95,65.95,39.85,65.95,39.75,65.95,39.650000000000006,65.95,39.55,65.95,39.45,65.95,39.35,65.95,39.25,65.95,39.150000000000006,65.95,39.05,65.95,38.95,65.95,38.85,65.95,38.75,65.95,38.650000000000006,65.95,38.55,65.95,38.45,65.95,38.35,65.95,38.25,65.95,38.150000000000006,65.95,38.05,65.95,37.95,65.95,37.85,65.95,37.75,65.95,37.650000000000006,65.95,37.55,65.95,37.45,65.95,37.35,65.95,37.25,65.95
9.200000000000001,43.15,65.95,43.05,65.95,42.95,65.95,42.85,65.95,42.75,65.95,42.65,65.95,42.55,65.95,42.45,65.95,42.35,65.95,42.25,65.95,42.15,65.95,42.05,65.95,41.95,65.95,41.85,65.95,41.75,65.95,41.65,65.95,41.55,65.95,41.45,65.95,41.35,65.95,41.25,65.95,41.15,65.95,41.05,65.95,40.95,65.95,40.85,65.95,40.75,65.95,40.65,65.95,40.55,65.95,40.45,65.95,40.35,65.95,40.25,65.95,40.15,65.95,40.05,65.95,39.95,65.95,39.85,65.95,39.75,65.95,39.65,65.95,39.55,65.95,39.45,65.95,39.35,65.95,39.25,65.95,39.15,65.95,39.05,65.95,38.95,65.95,38.85,65.95,38.75,65.95,38.65,65.95,38.55,65.95,38.45,65.95,38.35,65.95,38.25,65.95,38.15,65.95,38.05,65.95,37.95,65.95,37.85,65.95,37.75,65.95,37.65,65.95,37.55,65.95,37.45,65.95,37.35,65.95,37.25,65.95,37.15,65.95
9.3,43.05,65.95,42.95,65.95,42.85,65.95,42.75,65.95,42.65,65.95,42.55,65.95,42.45,65.95,42.35,65.95,42.25,65.95,42.15,65.95,42.05,65.95,41.95,65.95,41.85,65.95,41.75,65.95,41.65,65.95,41.55,65.95,41.45,65.95,41.35,65.95,41.25,65.95,41.15,65.95,41.05,65.95,40.95,65.95,40.85,65.95,40.75,65.95,40.65,65.95,40.55,65.95,40.45,65.95,40.35,65.95,40.25,65.95,40.15,65.95,40.05,65.95,39.95,65.95,39.85,65.95,39.75,65.95,39.65,65.95,39.55,65.95,39.45,65.95,39.35,65.95,39.25,65.95,39.15,65.95,39.05,65.95,38.95,65.95,38.85,65.95,38.75,65.95,38.65,65.95,38.55,65.95,38.45,65.95,38.35,65.95,38.25,65.95,38.15,65.95,38.05,65.95,37.95,65.95,37.85,65.95,37.75,65.95,37.65,65.95,37.55,65.95,37.45,65.95,37.35,65.95,37.25,65.95,37.15,65.95,37.05,65.95
9.4,42.95,65.95,42.85,65.95,42.75,65.95,42.65,65.95,42.55,65.95,42.45,65.95,42.35,65.95,42.25,65.95,42.15,65.95,42.05,65.95,41.95,65.95,41.85,65.95,41.75,65.95,41.65,65.95,41.55,65.95,41.45,65.95,41.35,65.95,41.25,65.95,41.15,65.95,41.05,65.95,40.95,65.95,40.85,65.95,40.75,65.95,40.65,65.95,40.55,65.95,40.45,65.95,40.35,65.95,40.25,65.95,40.15,65.95,40.05,65.95,39.95,65.95,39.85,65.95,39.75,65.95,39.65,65.95,39.55,65.95,39.45,65.95,39.35,65.95,39.25,65.95,39.15,65.95,39.05,65.95,38.95,65.95,38.85,65.95,38.75,65.95,38.650000000000006,65.95,38.55,65.95,38.45,65.95,38.35,65.95,38.25,65.95,38.15,65.95,38.05,65.95,37.95,65.95,37.85,65.95,37.75,65.95,37.65,65.95,37.55,65.95,37.45,65.95,37.35,65.95,37.25,65.95,37.15,65.95,37.05,65.95,36.95,65.95
9.5,42.85,65.95,42.75,65.95,42.650000000000006,65.95,42.55,65.95,42.45,65.95,42.35,65.95,42.25,65.95,42.150000000000006,65.95,42.05,65.95,41.95,65.95,41.85,65.95,41.75,65.95,41.650000000000006,65.95,41.55,65.95,41.45,65.95,41.35,65.95,41.25,65.95,41.150000000000006,65.95,41.05,65.95,40.95,65.95,40.85,65.95,40.75,65.95,40.650000000000006,65.95,40.55,65.95,40.45,65.95,40.35,65.95,40.25,65.95,40.150000000000006,65.95,40.05,65.95,39.95,65.95,39.85,65.95,39.75,65.95,39.650000000000006,65.95,39.55,65.95,39.45,65.95,39.35,65.95,39.25,65.95,39.150000000000006,65.95,39.05,65.95,38.95,65.95,38.85,65.95,38.75,65.95,38.650000000000006,65.95,38.55,65.95,38.45,65.95,38.35,65.95,38.25,65.95,38.150000000000006,65.95,38.05,65.95,37.95,65.95,37.85,65.95,37.75,65.95,37.650000000000006,65.95,37.55,65.95,37.45,65.95,37.35,65.95,37.25,65.95,37.150000000000006,65.95,37.05,65.95,36.95,65.95,36.85,65.95
9.600000000000001,42.75,65.95,42.65,65.95,42.55,65.95,42.45,65.95,42.35,65.95,42.25,65.95,42.15,65.95,42.05,65.95,41.95,65.95,41.85,65.95,41.75,65.95,41.65,65.95,41.55,65.95,41.45,65.95,41.35,65.95,41.25,65.95,41.15,65.95,41.05,65.95,40.95,65.95,40.85,65.95,40.75,65.95,40.65,65.95,40.55,65.95,40.45,65.95,40.35,65.95,40.25,65.95,40.15,65.95,40.05,65.95,39.95,65.95,39.85,65.95,39.75,65.95,39.65,65.95,39.55,65.95,39.45,65.95,39.35,65.95,39.25,65.95,39.15,65.95,39.05,65.95,38.95,65.95,38.85,65.95,38.75,65.95,38.65,65.95,38.55,65.95,38.45,65.95,38.35,65.95,38.25,65.95,38.15,65.95,38.05,65.95,37.95,65.95,37.85,65.95,37.75,65.95,37.65,65.95,37.55,65.95,37.45,65.95,37.35,65.95,37.25,65.95,37.15,65.95,37.05,65.95,36.95,65.95,36.85,65.95,36.75,65.95
9.700000000000001,42.65,65.95,42.55,65.95,42.45,65.95,42.35,65.95,42.25,65.95,42.15,65.95,42.05,65.95,41.95,65.95,41.85,65.95,41.75,65.95,41.65,65.95,41.55,65.95,41.45,65.95,41.35,65.95,41.25,65.95,41.15,65.95,41.05,65.95,40.95,65.95,40.85,65.95,40.75,65.95,40.65,65.95,40.55,65.95,40.45,65.95,40.35,65.95,40.25,65.95,40.15,65.95,40.05,65.95,39.95,65.95,39.85,65.95,39.75,65.95,39.65,65.95,39.55,65.95,39.45,65.95,39.35,65.95,39.25,65.95,39.15,65.95,39.05,65.95,38.95,65.95,38.85,65.95,38.75,65.95,38.65,65.95,38.55,65.95,38.45,65.95,38.35,65.95,38.25,65.95,38.15,65.95,38.05,65.95,37.95,65.95,37.85,65.95,37.75,65.95,37.65,65.95,37.55,65.95,37.45,65.95,37.35,65.95,37.25,65.95,37.15,65.95,37.05,65.95,36.95,65.95,36.85,65.95,36.75,65.95,36.65,65.95
9.8,42.55,65.95,42.45,65.95,42.35,65.95,42.25,65.95,42.15,65.95,42.05,65.95,41.95,65.95,41.85,65.95,41.75,65.95,41.65,65.95,41.55,65.95,41.45,65.95,41.35,65.95,41.25,65.95,41.15,65.95,41.05,65.95,40.95,65.95,40.85,65.95,40.75,65.95,40.65,65.95,40.55,65.95,40.45,65.95,40.35,65.95,40.25,65.95,40.15,65.95,40.05,65.95,39.95,65.95,39.85,65.95,39.75,65.95,39.65,65.95,39.55,65.95,39.45,65.95,39.35,65.95,39.25,65.95,39.15,65.95,39.05,65.95,38.95,65.95,38.85,65.95,38.75,65.95,38.65,65.95,38.55,65.95,38.45,65.95,38.35,65.95,38.25,65.95,38.15,65.95,38.05,65.95,37.95,65.95,37.85,65.95,37.75,65.95,37.65,65.95,37.55,65.95,37.45,65.95,37.35,65.95,37.25,65.95,37.15,65.95,37.05,65.95,36.95,65.95,36.85,65.95,36.75,65.95,36.65,65.95,36.55,65.95
9.9,42.45,65.95,42.35,65.95,42.25,65.95,42.15,65.95,42.05,65.95,41.95,65.95,41.85,65.95,41.75,65.95,41.65,65.95,41.55,65.95,41.45,65.95,41.35,65.95,41.25,65.95,41.15,65.95,41.05,65.95,40.95,65.95,40.85,65.95,40.75,65.95,40.65,65.95,40.55,65.95,40.45,65.95,40.35,65.95,40.25,65.95,40.15,65.95,40.05,65.95,39.95,65.95,39.85,65.95,39.75,65.95,39.65,65.95,39.55,65.95,39.45,65.95,39.35,65.95,39.25,65.95,39.15,65.95,39.05,65.95,38.95,65.95,38.85,65.95,38.75,65.95,38.65,65.95,38.55,65.95,38.45,65.95,38.35,65.95,38.25,65.95,38.150000000000006,65.95,38.05,65.95,37.95,65.95,37.85,65.95,37.75,65.95,37.65,65.95,37.55,65.95,37.45,65.95,37.35,65.95,37.25,65.95,37.15,65.95,37.05,65.95,36.95,65.95,36.85,65.95,36.75,65.95,36.65,65.95,36.55,65.95,36.45,65.95
10.0,42.35,65.95,42.25,65.95,42.150000000000006,65.95,42.05,65.95,41.95,65.95,41.85,65.95,41.75,65.95,41.650000000000006,65.95,41.55,65.95,41.45,65.95,41.35,65.95,41.25,65.95,41.150000000000006,65.95,41.05,65.95,40.95,65.95,40.85,65.95,40.75,65.95,40.650000000000006,65.95,40.55,65.95,40.45,65.95,40.35,65.95,40.25,65.95,40.150000000000006,65.95,40.05,65.95,39.95,65.95,39.85,65.95,39.75,65.95,39.650000000000006,65.95,39.55,65.95,39.45,65.95,39.35,65.95,39.25,65.95,39.150000000000006,65.95,39.05,65.95,38.95,65.95,38.85,65.95,38.75,65.95,38.650000000000006,65.95,38.55,65.95,38.45,65.95,38.35,65.95,38.25,65.95,38.150000000000006,65.95,38.05,65.95,37.95,65.95,37.85,65.95,37.75,65.95,37.650000000000006,65.95,37.55,65.95,37.45,65.95,37.35,65.95,37.25,65.95,37.150000000000006,65.95,37.05,65.95,36.95,65.95,36.85,65.95,36.75,65.95,36.650000000000006,65.95,36.55,65.95,36.45,65.95,36.35,65.95
10.100000000000001,42.25,65.95,42.15,65.95,42.05,65.95,41.95,65.95,41.85,65.95,41.75,65.95,41.65,65.95,41.55,65.95,41.45,65.95,41.35,65.95,41.25,65.95,41.15,65.95,41.05,65.95,40.95,65.95,40.85,65.95,40.75,65.95,40.65,65.95,40.55,65.95,40.45,65.95,40.35,65.95,40.25,65.95,40.15,65.95,40.05,65.95,39.95,65.95,39.85,65.95,39.75,65.95,39.65,65.95,39.55,65.95,39.45,65.95,39.35,65.95,39.25,65.95,39.15,65.95,39.05,65.95,38.95,65.95,38.85,65.95,38.75,65.95,38.65,65.95,38.55,65.95,38.45,65.95,38.35,65.95,38.25,65.95,38.15,65.95,38.05,65.95,37.95,65.95,37.85,65.95,37.75,65.95,37.65,65.95,37.55,65.95,37.45,65.95,37.35,65.95,37.25,65.95,37.15,65.95,37.05,65.95,36.95,65.95,36.85,65.95,36.75,65.95,36.65,65.95,36.55,65.95,36.45,65.95,36.35,65.95,36.25,65.95
10.200000000000001,42.15,65.95,42.05,65.95,41.95,65.95,41.85,65.95,41.75,65.95,41.65,65.95,41.55,65.95,41.45,65.95,41.35,65.95,41.25,65.95,41.15,65.95,41.05,65.95,40.95,65.95,40.85,65.95,40.75,65.95,40.65,65.95,40.55,65.95,40.45,65.95,40.35,65.95,40.25,65.95,40.15,65.95,40.05,65.95,39.95,65.95,39.85,65.95,39.75,65.95,39.65,65.95,39.55,65.95,39.45,65.95,39.35,65.95,39.25,65.95,39.15,65.95,39.05,65.95,38.95,65.95,38.85,65.95,38.75,65.95,38.65,65.95,38.55,65.95,38.45,65.95,38.35,65.95,38.25,65.95,38.15,65.95,38.05,65.95,37.95,65.95,37.85,65.95,37.75,65.95,37.65,65.95,37.55,65.95,37.45,65.95,37.35,65.95,37.25,65.95,37.15,65.95,37.05,65.95,36.95,65.95,36.85,65.95,36.75,65.95,36.65,65.95,36.55,65.95,36.45,65.95,36.35,65.95,36.25,65.95,36.15,65.95
10.3,42.05,65.95,41.95,65.95,41.85,65.95,41.75,65.95,41.65,65.95,41.55,65.95,41.45,65.95,41.35,65.95,41.25,65.95,41.15,65.95,41.05,65.95,40.95,65.95,40.85,65.95,40.75,65.95,40.65,65.95,40.55,65.95,40.45,65.95,40.35,65.95,40.25,65.95,40.15,65.95,40.05,65.95,39.95,65.95,39.85,65.95,39.75,65.95,39.65,65.95,39.55,65.95,39.45,65.95,39.35,65.95,39.25,65.95,39.15,65.95,39.05,65.95,38.95,65.95,38.85,65.95,38.75,65.95,38.65,65.95,38.55,65.95,38.45,65.95,38.35,65.95,38.25,65.95,38.15,65.95,38.05,65.95,37.95,65.95,37.85,65.95,37.75,65.95,37.65,65.95,37.55,65.95,37.45,65.95,37.35,65.95,37.25,65.95,37.15,65.95,37.05,65.95,36.95,65.95,36.85,65.95,36.75,65.95,36.65,65.95,36.55,65.95,36.45,65.95,36.35,65.95,36.25,65.95,36.15,65.95,36.05,65.95
10.4,41.95,65.95,41.85,65.95,41.75,65.95,41.65,65.95,41.55,65.95,41.45,65.95,41.35,65.95,41.25,65.95,41.15,65.95,41.05,65.95,40.95,65.95,40.85,65.95,40.75,65.95,40.65,65.95,40.55,65.95,40.45,65.95,40.35,65.95,40.25,65.95,40.15,65.95,40.05,65.95,39.95,65.95,39.85,65.95,39.75,65.95,39.65,65.95,39.55,65.95,39.45,65.95,39.35,65.95,39.25,65.95,39.15,65.95,39.05,65.95,38.95,65.95,38.85,65.95,38.75,65.95,38.65,65.95,38.55,65.95,38.45,65.95,38.35,65.95,38.25,65.95,38.15,65.95,38.05,65.95,37.95,65.95,37.85,65.95,37.75,65.95,37.650000000000006,65.95,37.55,65.95,37.45,65.95,37.35,65.95,37.25,65.95,37.15,65.95,37.05,65.95,36.95,65.95,36.85,65.95,36.75,65.95,36.65,65.95,36.55,65.95,36.45,65.95,36.35,65.95,36.25,65.95,36.15,65.95,36.05,65.95,35.95,65.95
10.5,41.85,65.95,41.75,65.95,41.650000000000006,65.95,41.55,65.95,41.45,65.95,41.35,65.95,41.25,65.95,41.150000000000006,65.95,41.05,65.95,40.95,65.95,40.85,65.95,40.75,65.95,40.650000000000006,65.95,40.55,65.95,40.45,65.95,40.35,65.95,40.25,65.95,40.150000000000006,65.95,40.05,65.95,39.95,65.95,39.85,65.95,39.75,65.95,39.650000000000006,65.95,39.55,65.95,39.45,65.95,39.35,65.95,39.25,65.95,39.150000000000006,65.95,39.05,65.95,38.95,65.95,38.85,65.95,38.75,65.95,38.650000000000006,65.95,38.55,65.95,38.45,65.95,38.35,65.95,38.25,65.95,38.150000000000006,65.95,38.05,65.95,37.95,65.95,37.85,65.95,37.75,65.95,37.650000000000006,65.95,37.55,65.95,37.45,65.95,37.35,65.95,37.25,65.95,37.150000000000006,65.95,37.05,65.95,36.95,65.95,36.85,65.95,36.75,65.95,36.650000000000006,65.95,36.55,65.95,36.45,65.95,36.35,65.95,36.25,65.95,36.150000000000006,65.95,36.05,65.95,35.95,65.95,35.85,65.95
10.600000000000001,41.75,65.95,41.65,65.95,41.55,65.95,41.45,65.95,41.35,65.95,41.25,65.95,41.15,65.95,41.05,65.95,40.95,65.95,40.85,65.95,40.75,65.95,40.65,65.95,40.55,65.95,40.45,65.95,40.35,65.95,40.25,65.95,40.15,65.95,40.05,65.95,39.95,65.95,39.85,65.95,39.75,65.95,39.65,65.95,39.55,65.95,39.45,65.95,39.35,65.95,39.25,65.95,39.15,65.95,39.05,65.95,38.95,65.95,38.85,65.95,38.75,65.95,38.65,65.95,38.55,65.95,38.45,65.95,38.35,65.95,38.25,65.95,38.15,65.95,38.05,65.95,37.95,65.95,37.85,65.95,37.75,65.95,37.65,65.95,37.55,65.95,37.45,65.95,37.35,65.95,37.25,65.95,37.15,65.95,37.05,65.95,36.95,65.95,36.85,65.95,36.75,65.95,36.65,65.95,36.55,65.95,36.45,65.95,36.35,65.95,36.25,65.95,36.15,65.95,36.05,65.95,35.95,65.95,35.85,65.95,35.75,65.95
10.700000000000001,41.65,65.95,41.55,65.95,41.45,65.95,41.35,65.95,41.25,65.95,41.15,65.95,41.05,65.95,40.95,65.95,40.85,65.95,40.75,65.95,40.65,65.95,40.55,65.95,40.45,65.95,40.35,65.95,40.25,65.95,40.15,65.95,40.05,65.95,39.95,65.95,39.85,65.95,39.75,65.95,39.65,65.95,39.55,65.95,39.45,65.95,39.35,65.95,39.25,65.95,39.15,65.95,39.05,65.95,38.95,65.95,38.85,65.95,38.75,65.95,38.65,65.95,38.55,65.95,38.45,65.95,38.35,65.95,38.25,65.95,38.15,65.95,38.05,65.95,37.95,65.95,37.85,65.95,37.75,65.95,37.65,65.95,37.55,65.95,37.45,65.95,37.35,65.95,37.25,65.95,37.15,65.95,37.05,65.95,36.95,65.95,36.85,65.95,36.75,65.95,36.65,65.95,36.55,65.95,36.45,65.95,36.35,65.95,36.25,65.95,36.15,65.95,36.05,65.95,35.95,65.95,35.85,65.95,35.75,65.95,35.65,65.95
10.8,41.55,65.95,41.45,65.95,41.35,65.95,41.25,65.95,41.15,65.95,41.05,65.95,40.95,65.95,40.85,65.95,40.75,65.95,40.65,65.95,40.55,65.95,40.45,65.95,40.35,65.95,40.25,65.95,40.15,65.95,40.05,65.95,39.95,65.95,39.85,65.95,39.75,65.95,39.65,65.95,39.55,65.95,39.45,65.95,39.35,65.95,39.25,65.95,39.15,65.95,39.05,65.95,38.95,65.95,38.85,65.95,38.75,65.95,38.65,65.95,38.55,65.95,38.45,65.95,38.35,65.95,38.25,65.95,38.15,65.95,38.05,65.95,37.95,65.95,37.85,65.95,37.75,65.95,37.65,65.95,37.55,65.95,37.45,65.95,37.35,65.95,37.25,65.95,37.15,65.95,37.05,65.95,36.95,65.95,36.85,65.95,36.75,65.95,36.65,65.95,36.55,65.95,36.45,65.95,36.35,65.95,36.25,65.95,36.15,65.95,36.05,65.95,35.95,65.95,35.85,65.95,35.75,65.95,35.65,65.95,35.55,65.95
10.9,41.45,65.95,41.35,65.95,41.25,65.95,41.15,65.95,41.05,65.95,40.95,65.95,40.85,65.95,40.75,65.95,40.65,65.95,40.55,65.95,40.45,65.95,40.35,65.95,40.25,65.95,40.15,65.95,40.05,65.95,39.95,65.95,39.85,65.95,39.75,65.95,39.65,65.95,39.55,65.95,39.45,65.95,39.35,65.95,39.25,65.95,39.15,65.95,39.05,65.95,38.95,65.95,38.85,65.95,38.75,65.95,38.65,65.95,38.55,65.95,38.45,65.95,38.35,65.95,38.25,65.95,38.15,65.95,38.05,65.95,37.95,65.95,37.85,65.95,37.75,65.95,37.65,65.95,37.55,65.95,37.45,65.95,37.35,65.95,37.25,65.95,37.150000000000006,65.95,37.05,65.95,36.95,65.95,36.85,65.95,36.75,65.95,36.65,65.95,36.55,65.95,36.45,65.95,36.35,65.95,36.25,65.95,36.15,65.95,36.05,65.95,35.95,65.95,35.85,65.95,35.75,65.95,35.65,65.95,35.55,65.95,35.45,65.95
11.0,41.35,65.95,41.25,65.95,41.150000000000006,65.95,41.05,65.95,40.95,65.95,40.85,65.95,40.75,65.95,40.650000000000006,65.95,40.55,65.95,40.45,65.95,40.35,65.95,40.25,65.95,40.150000000000006,65.95,40.05,65.95,39.95,65.95,39.85,65.95,39.75,65.95,39.650000000000006,65.95,39.55,65.95,39.45,65.95,39.35,65.95,39.25,65.95,39.150000000000006,65.95,39.05,65.95,38.95,65.95,38.85,65.95,38.75,65.95,38.650000000000006,65.95,38.55,65.95,38.45,65.95,38.35,65.95,38.25,65.95,38.150000000000006,65.95,38.05,65.95,37.95,65.95,37.85,65.95,37.75,65.95,37.650000000000006,65.95,37.55,65.95,37.45,65.95,37.35,65.95,37.25,65.95,37.150000000000006,65.95,37.05,65.95,36.95,65.95,36.85,65.95,36.75,65.95,36.650000000000006,65.95,36.55,65.95,36.45,65.95,36.35,65.95,36.25,65.95,36.150000000000006,65.95,36.05,65.95,35.95,65.95,35.85,65.95,35.75,65.95,35.650000000000006,65.95,35.55,65.95,35.45,65.95,35.35,65.95
11.100000000000001,41.25,65.95,41.15,65.95,41.05,65.95,40.95,65.95,40.85,65.95,40.75,65.95,40.65,65.95,40.55,65.95,40.45,65.95,40.35,65.95,40.25,65.95,40.15,65.95,40.05,65.95,39.95,65.95,39.85,65.95,39.75,65.95,39.65,65.95,39.55,65.95,39.45,65.95,39.35,65.95,39.25,65.95,39.15,65.95,39.05,65.95,38.95,65.95,38.85,65.95,38.75,65.95,38.65,65.95,38.55,65.95,38.45,65.95,38.35,65.95,38.25,65.95,38.15,65.95,38.05,65.95,37.95,65.95,37.85,65.95,37.75,65.95,37.65,65.95,37.55,65.95,37.45,65.95,37.35,65.95,37.25,65.95,37.15,65.95,37.05,65.95,36.95,65.95,36.85,65.95,36.75,65.95,36.65,65.95,36.55,65.95,36.45,65.95,36.35,65.95,36.25,65.95,36.15,65.95,36.05,65.95,35.95,65.95,35.85,65.95,35.75,65.95,35.65,65.95,35.55,65.95,35.45,65.95,35.35,65.95,35.25,65.95
11.200000000000001,41.15,65.95,41.05,65.95,40.95,65.95,40.85,65.95,40.75,65.95,40.65,65.95,40.55,65.95,40.45,65.95,40.35,65.95,40.25,65.95,40.15,65.95,40.05,65.95,39.95,65.95,39.85,65.95,39.75,65.95,39.65,65.95,39.55,65.95,39.45,65.95,39.35,65.95,39.25,65.95,39.15,65.95,39.05,65.95,38.95,65.95,38.85,65.95,38.75,65.95,38.65,65.95,38.55,65.95,38.45,65.95,38.35,65.95,38.25,65.95,38.15,65.95,38.05,65.95,37.95,65.95,37.85,65.95,37.75,65.95,37.65,65.95,37.55,65.95,37.45,65.95,37.35,65.95,37.25,65.95,37.15,65.95,37.05,65.95,36.95,65.95,36.85,65.95,36.75,65.95,36.65,65.95,36.55,65.95,36.45,65.95,36.35,65.95,36.25,65.95,36.15,65.95,36.05,65.95,35.95,65.95,35.85,65.95,35.75,65.95,35.65,65.95,35.55,65.95,35.45,65.95,35.35,65.95,35.25,65.95,35.15,65.95
11.3,41.05,65.95,40.95,65.95,40.85,65.95,40.75,65.95,40.65,65.95,40.55,65.95,40.45,65.95,40.35,65.95,40.25,65.95,40.15,65.95,40.05,65.95,39.95,65.95,39.85,65.95,39.75,65.95,39.65,65.95,39.55,65.95,39.45,65.95,39.35,65.95,39.25,65.95,39.15,65.95,39.05,65.95,38.95,65.95,38.85,65.95,38.75,65.95,38.65,65.95,38.55,65.95,38.45,65.95,38.35,65.95,38.25,65.95,38.15,65.95,38.05,65.95,37.95,65.95,37.85,65.95,37.75,65.95,37.65,65.95,37.55,65.95,37.45,65.95,37.35,65.95,37.25,65.95,37.15,65.95,37.05,65.95,36.95,65.95,36.85,65.95,36.75,65.95,36.65,65.95,36.55,65.95,36.45,65.95,36.35,65.95,36.25,65.95,36.15,65.95,36.05,65.95,35.95,65.95,35.85,65.95,35.75,65.95,35.65,65.95,35.55,65.95,35.45,65.95,35.35,65.95,35.25,65.95,35.15,65.95,35.05,65.95
11.4,40.95,65.95,40.85,65.95,40.75,65.95,40.65,65.95,40.55,65.95,40.45,65.95,40.35,65.95,40.25,65.95,40.15,65.95,40.05,65.95,39.95,65.95,39.85,65.95,39.75,65.95,39.65,65.95,39.55,65.95,39.45,65.95,39.35,65.95,39.25,65.95,39.15,65.95,39.05,65.95,38.95,65.95,38.85,65.95,38.75,65.95,38.65,65.95,38.55,65.95,38.45,65.95,38.35,65.95,38.25,65.95,38.15,65.95,38.05,65.95,37.95,65.95,37.85,65.95,37.75,65.95,37.65,65.95,37.55,65.95,37.45,65.95,37.35,65.95,37.25,65.95,37.15,65.95,37.05,65.95,36.95,65.95,36.85,65.95,36.75,65.95,36.650000000000006,65.95,36.55,65.95,36.45,65.95,36.35,65.95,36.25,65.95,36.15,65.95,36.05,65.95,35.95,65.95,35.85,65.95,35.75,65.95,35.65,65.95,35.55,65.95,35.45,65.95,35.35,65.95,35.25,65.95,35.15,65.95,35.05,65.95,34.95,65.95
11.5,40.85,65.95,40.75,65.95,40.650000000000006,65.95,40.55,65.95,40.45,65.95,40.35,65.95,40.25,65.95,40.150000000000006,65.95,40.05,65.95,39.95,65.95,39.85,65.95,39.75,65.95,39.650000000000006,65.95,39.55,65.95,39.45,65.95,39.35,65.95,39.25,65.95,39.150000000000006,65.95,39.05,65.95,38.95,65.95,38.85,65.95,38.75,65.95,38.650000000000006,65.95,38.55,65.95,38.45,65.95,38.35,65.95,38.25,65.95,38.150000000000006,65.95,38.05,65.95,37.95,65.95,37.85,65.95,37.75,65.95,37.650000000000006,65.95,37.55,65.95,37.45,65.95,37.35,65.95,37.25,65.95,37.150000000000006,65.95,37.05,65.95,36.95,65.95,36.85,65.95,36.75,65.95,36.650000000000006,65.95,36.55,65.95,36.45,65.95,36.35,65.95,36.25,65.95,36.150000000000006,65.95,36.05,65.95,35.95,65.95,35.85,65.95,35.75,65.95,35.650000000000006,65.95,35.55,65.95,35.45,65.95,35.35,65.95,35.25,65.95,35.150000000000006,65.95,35.05,65.95,34.95,65.95,34.85,65.95
11.600000000000001,40.75,65.95,40.65,65.95,40.55,65.95,40.45,65.95,40.35,65.95,40.25,65.95,40.15,65.95,40.05,65.95,39.95,65.95,39.85,65.95,39.75,65.95,39.65,65.95,39.55,65.95,39.45,65.95,39.35,65.95,39.25,65.95,39.15,65.95,39.05,65.95,38.95,65.95,38.85,65.95,38.75,65.95,38.65,65.95,38.55,65.95,38.45,65.95,38.35,65.95,38.25,65.95,38.15,65.95,38.05,65.95,37.95,65.95,37.85,65.95,37.75,65.95,37.65,65.95,37.55,65.95,37.45,65.95,37.35,65.95,37.25,65.95,37.15,65.95,37.05,65.95,36.95,65.95,36.85,65.95,36.75,65.95,36.65,65.95,36.55,65.95,36.45,65.95,36.35,65.95,36.25,65.95,36.15,65.95,36.05,65.95,35.95,65.95,35.85,65.95,35.75,65.95,35.65,65.95,35.55,65.95,35.45,65.95,35.35,65.95,35.25,65.95,35.15,65.95,35.05,65.95,34.95,65.95,34.85,65.95,34.75,65.95
11.700000000000001,40.65,65.95,40.55,65.95,40.45,65.95,40.35,65.95,40.25,65.95,40.15,65.95,40.05,65.95,39.95,65.95,39.85,65.95,39.75,65.95,39.65,65.95,39.55,65.95,39.45,65.95,39.35,65.95,39.25,65.95,39.15,65.95,39.05,65.95,38.95,65.95,38.85,65.95,38.75,65.95,38.65,65.95,38.55,65.95,38.45,65.95,38.35,65.95,38.25,65.95,38.15,65.95,38.05,65.95,37.95,65.95,37.85,65.95,37.75,65.95,37.65,65.95,37.55,65.95,37.45,65.95,37.35,65.95,37.25,65.95,37.15,65.95,37.05,65.95,36.95,65.95,36.85,65.95,36.75,65.95,36.65,65.95,36.55,65.95,36.45,65.95,36.35,65.95,36.25,65.95,36.15,65.95,36.05,65.95,35.95,65.95,35.85,65.95,35.75,65.95,35.65,65.95,35.55,65.95,35.45,65.95,35.35,65.95,35.25,65.95,35.15,65.95,35.05,65.95,34.95,65.95,34.85,65.95,34.75,65.95,34.65,65.95
11.8,40.55,65.95,40.45,65.95,40.35,65.95,40.25,65.95,40.15,65.95,40.05,65.95,39.95,65.95,39.85,65.95,39.75,65.95,39.65,65.95,39.55,65.95,39.45,65.95,39.35,65.95,39.25,65.95,39.15,65.95,39.05,65.95,38.95,65.95,38.85,65.95,38.75,65.95,38.65,65.95,38.55,65.95,38.45,65.95,38.35,65.95,38.25,65.95,38.15,65.95,38.05,65.95,37.95,65.95,37.85,65.95,37.75,65.95,37.65,65.95,37.55,65.95,37.45,65.95,37.35,65.95,37.25,65.95,37.15,65.95,37.05,65.95,36.95,65.95,36.85,65.95,36.75,65.95,36.65,65.95,36.55,65.95,36.45,65.95,36.35,65.95,36.25,65.95,36.15,65.95,36.05,65.95,35.95,65.95,35.85,65.95,35.75,65.95,35.65,65.95,35.55,65.95,35.45,65.95,35.35,65.95,35.25,65.95,35.15,65.95,35.05,65.95,34.95,65.95,34.85,65.95,34.75,65.95,34.65,65.95,34.55,65.95
11.9,40.45,65.95,40.35,65.95,40.25,65.95,40.15,65.95,40.05,65.95,39.95,65.95,39.85,65.95,39.75,65.95,39.65,65.95,39.55,65.95,39.45,65.95,39.35,65.95,39.25,65.95,39.15,65.95,39.05,65.95,38.95,65.95,38.85,65.95,38.75,65.95,38.65,65.95,38.55,65.95,38.45,65.95,38.35,65.95,38.25,65.95,38.15,65.95,38.05,65.95,37.95,65.95,37.85,65.95,37.75,65.95,37.65,65.95,37.55,65.95,37.45,65.95,37.35,65.95,37.25,65.95,37.15,65.95,37.05,65.95,36.95,65.95,36.85,65.95,36.75,65.95,36.65,65.95,36.55,65.95,36.45,65.95,36.35,65.95,36.25,65.95,36.150000000000006,65.95,36.05,65.95,35.95,65.95,35.85,65.95,35.75,65.95,35.65,65.95,35.55,65.95,35.45,65.95,35.35,65.95,35.25,65.95,35.15,65.95,35.05,65.95,34.95,65.95,34.85,65.95,34.75,65.95,34.65,65.95,34.55,65.95,34.45,65.95
12.0,40.35,65.95,40.25,65.95,40.150000000000006,65.95,40.05,65.95,39.95,65.95,39.85,65.95,39.75,65.95,39.650000000000006,65.95,39.55,65.95,39.45,65.95,39.35,65.95,39.25,65.95,39.150000000000006,65.95,39.05,65.95,38.95,65.95,38.85,65.95,38.75,65.95,38.650000000000006,65.95,38.55,65.95,38.45,65.95,38.35,65.95,38.25,65.95,38.150000000000006,65.95,38.05,65.95,37.95,65.95,37.85,65.95,37.75,65.95,37.650000000000006,65.95,37.55,65.95,37.45,65.95,37.35,65.95,37.25,65.95,37.150000000000006,65.95,37.05,65.95,36.95,65.95,36.85,65.95,36.75,65.95,36.650000000000006,65.95,36.55,65.95,36.45,65.95,36.35,65.95,36.25,65.95,36.150000000000006,65.95,36.05,65.95,35.95,65.95,35.85,65.95,35.75,65.95,35.650000000000006,65.95,35.55,65.95,35.45,65.95,35.35,65.95,35.25,65.95,35.150000000000006,65.95,35.05,65.95,34.95,65.95,34.85,65.95,34.75,65.95,34.650000000000006,65.95,34.55,65.95,34.45,65.95,34.35,65.95
12.100000000000001,40.25,65.95,40.15,65.95,40.05,65.95,39.95,65.95,39.85,65.95,39.75,65.95,39.65,65.95,39.55,65.95,39.45,65.95,39.35,65.95,39.25,65.95,39.15,65.95,39.05,65.95,38.95,65.95,38.85,65.95,38.75,65.95,38.65,65.95,38.55,65.95,38.45,65.95,38.35,65.95,38.25,65.95,38.15,65.95,38.05,65.95,37.95,65.95,37.85,65.95,37.75,65.95,37.65,65.95,37.55,65.95,37.45,65.95,37.35,65.95,37.25,65.95,37.15,65.95,37.05,65.95,36.95,65.95,36.85,65.95,36.75,65.95,36.65,65.95,36.55,65.95,36.45,65.95,36.35,65.95,36.25,65.95,36.15,65.95,36.05,65.95,35.95,65.95,35.85,65.95,35.75,65.95,35.65,65.95,35.55,65.95,35.45,65.95,35.35,65.95,35.25,65.95,35.15,65.95,35.05,65.95,34.95,65.95,34.85,65.95,34.75,65.95,34.65,65.95,34.55,65.95,34.45,65.95,34.35,65.95,34.25,65.95
12.200000000000001,40.15,65.95,40.05,65.95,39.95,65.95,39.85,65.95,39.75,65.95,39.65,65.95,39.55,65.95,39.45,65.95,39.35,65.95,39.25,65.95,39.15,65.95,39.05,65.95,38.95,65.95,38.85,65.95,38.75,65.95,38.65,65.95,38.55,65.95,38.45,65.95,38.35,65.95,38.25,65.95,38.15,65.95,38.05,65.95,37.95,65.95,37.85,65.95,37.75,65.95,37.65,65.95,37.55,65.95,37.45,65.95,37.35,65.95,37.25,65.95,37.15,65.95,37.05,65.95,36.95,65.95,36.85,65.95,36.75,65.95,36.65,65.95,36.55,65.95,36.45,65.95,36.35,65.95,36.25,65.95,36.15,65.95,36.05,65.95,35.95,65.95,35.85,65.95,35.75,65.95,35.65,65.95,35.55,65.95,35.45,65.95,35.35,65.95,35.25,65.95,35.15,65.95,35.05,65.95,34.95,65.95,34.85,65.95,34.75,65.95,34.65,65.95,34.55,65.95,34.45,65.95,34.35,65.95,34.25,65.95,34.15,65.95
12.3,40.05,65.95,39.95,65.95,39.85,65.95,39.75,65.95,39.65,65.95,39.55,65.95,39.45,65.95,39.35,65.95,39.25,65.95,39.15,65.95,39.05,65.95,38.95,65.95,38.85,65.95,38.75,65.95,38.65,65.95,38.55,65.95,38.45,65.95,38.35,65.95,38.25,65.95,38.15,65.95,38.05,65.95,37.95,65.95,37.85,65.95,37.75,65.95,37.65,65.95,37.55,65.95,37.45,65.95,37.35,65.95,37.25,65.95,37.15,65.95,37.05,65.95,36.95,65.95,36.85,65.95,36.75,65.95,36.65,65.95,36.55,65.95,36.45,65.95,36.35,65.95,36.25,65.95,36.15,65.95,36.05,65.95,35.95,65.95,35.85,65.95,35.75,65.95,35.65,65.95,35.55,65.95,35.45,65.95,35.35,65.95,35.25,65.95,35.15,65.95,35.05,65.95,34.95,65.95,34.85,65.95,34.75,65.95,34.65,65.95,34.55,65.95,34.45,65.95,34.35,65.95,34.25,65.95,34.15,65.95,34.05,65.95
12.4,39.95,65.95,39.85,65.95,39.75,65.95,39.65,65.95,39.55,65.95,39.45,65.95,39.35,65.95,39.25,65.95,39.15,65.95,39.05,65.95,38.95,65.95,38.85,65.95,38.75,65.95,38.65,65.95,38.55,65.95,38.45,65.95,38.35,65.95,38.25,65.95,38.15,65.95,38.05,65.95,37.95,65.95,37.85,65.95,37.75,65.95,37.65,65.95,37.55,65.95,37.45,65.95,37.35,65.95,37.25,65.95,37.15,65.95,37.05,65.95,36.95,65.95,36.85,65.95,36.75,65.95,36.65,65.95,36.55,65.95,36.45,65.95,36.35,65.95,36.25,65.95,36.150000000000006,65.95,36.05,65.95,35.95,65.95,35.85,65.95,35.75,65.95,35.650000000000006,65.95,35.55,65.95,35.45,65.95,35.35,65.95,35.25,65.95,35.15,65.95,35.05,65.95,34.95,65.95,34.85,65.95,34.75,65.95,34.65,65.95,34.55,65.95,34.45,65.95,34.35,65.95,34.25,65.95,34.15,65.95,34.05,65.95,33.95,65.95
12.5,39.85,65.95,39.75,65.95,39.650000000000006,65.95,39.55,65.95,39.45,65.95,39.35,65.95,39.25,65.95,39.150000000000006,65.95,39.05,65.95,38.95,65.95,38.85,65.95,38.75,65.95,38.650000000000006,65.95,38.55,65.95,38.45,65.95,38.35,65.95,38.25,65.95,38.150000000000006,65.95,38.05,65.95,37.95,65.95,37.85,65.95,37.75,65.95,37.650000000000006,65.95,37.55,65.95,37.45,65.95,37.35,65.95,37.25,65.95,37.150000000000006,65.95,37.05,65.95,36.95,65.95,36.85,65.95,36.75,65.95,36.650000000000006,65.95,36.55,65.95,36.45,65.95,36.35,65.95,36.25,65.95,36.150000000000006,65.95,36.05,65.95,35.95,65.95,35.85,65.95,35.75,65.95,35.650000000000006,65.95,35.55,65.95,35.45,65.95,35.35,65.95,35.25,65.95,35.150000000000006,65.95,35.05,65.95,34.95,65.95,34.85,65.95,34.75,65.95,34.650000000000006,65.95,34.55,65.95,34.45,65.95,34.35,65.95,34.25,65.95,34.150000000000006,65.95,34.05,65.95,33.95,65.95,33.85,65.95
12.600000000000001,39.75,65.95,39.65,65.95,39.55,65.95,39.45,65.95,39.35,65.95,39.25,65.95,39.15,65.95,39.05,65.95,38.95,65.95,38.85,65.95,38.75,65.95,38.65,65.95,38.55,65.95,38.45,65.95,38.35,65.95,38.25,65.95,38.15,65.95,38.05,65.95,37.95,65.95,37.85,65.95,37.75,65.95,37.65,65.95,37.55,65.95,37.45,65.95,37.35,65.95,37.25,65.95,37.15,65.95,37.05,65.95,36.95,65.95,36.85,65.95,36.75,65.95,36.65,65.95,36.55,65.95,36.45,65.95,36.35,65.95,36.25,65.95,36.15,65.95,36.05,65.95,35.95,65.95,35.85,65.95,35.75,65.95,35.65,65.95,35.55,65.95,35.45,65.95,35.35,65.95,35.25,65.95,35.15,65.95,35.05,65.95,34.95,65.95,34.85,65.95,34.75,65.95,34.65,65.95,34.55,65.95,34.45,65.95,34.35,65.95,34.25,65.95,34.15,65.95,34.05,65.95,33.95,65.95,33.85,65.95,33.75,65.95
12.700000000000001,39.65,65.95,39.55,65.95,39.45,65.95,39.35,65.95,39.25,65.95,39.15,65.95,39.05,65.95,38.95,65.95,38.85,65.95,38.75,65.95,38.65,65.95,38.55,65.95,38.45,65.95,38.35,65.95,38.25,65.95,38.15,65.95,38.05,65.95,37.95,65.95,37.85,65.95,37.75,65.95,37.65,65.95,37.55,65.95,37.45,65.95,37.35,65.95,37.25,65.95,37.15,65.95,37.05,65.95,36.95,65.95,36.85,65.95,36.75,65.95,36.65,65.95,36.55,65.95,36.45,65.95,36.35,65.95,36.25,65.95,36.15,65.95,36.05,65.95,35.95,65.95,35.85,65.95,35.75,65.95,35.65,65.95,35.55,65.95,35.45,65.95,35.35,65.95,35.25,65.95,35.15,65.95,35.05,65.95,34.95,65.95,34.85,65.95,34.75,65.95,34.65,65.95,34.55,65.95,34.45,65.95,34.35,65.95,34.25,65.95,34.15,65.95,34.05,65.95,33.95,65.95,33.85,65.95,33.75,65.95,33.65,65.95
12.8,39.55,65.95,39.45,65.95,39.35,65.95,39.25,65.95,39.15,65.95,39.05,65.95,38.95,65.95,38.85,65.95,38.75,65.95,38.65,65.95,38.55,65.95,38.45,65.95,38.35,65.95,38.25,65.95,38.15,65.95,38.05,65.95,37.95,65.95,37.85,65.95,37.75,65.95,37.65,65.95,37.55,65.95,37.45,65.95,37.35,65.95,37.25,65.95,37.15,65.95,37.05,65.95,36.95,65.95,36.85,65.95,36.75,65.95,36.65,65.95,36.55,65.95,36.45,65.95,36.35,65.95,36.25,65.95,36.15,65.95,36.05,65.95,35.95,65.95,35.85,65.95,35.75,65.95,35.65,65.95,35.55,65.95,35.45,65.95,35.35,65.95,35.25,65.95,35.15,65.95,35.05,65.95,34.95,65.95,34.85,65.95,34.75,65.95,34.65,65.95,34.55,65.95,34.45,65.95,34.35,65.95,34.25,65.95,34.15,65.95,34.05,65.95,33.95,65.95,33.85,65.95,33.75,65.95,33.65,65.95,33.55,65.95
12.9,39.45,65.95,39.35,65.95,39.25,65.95,39.15,65.95,39.05,65.95,38.95,65.95,38.85,65.95,38.75,65.95,38.65,65.95,38.55,65.95,38.45,65.95,38.35,65.95,38.25,65.95,38.15,65.95,38.05,65.95,37.95,65.95,37.85,65.95,37.75,65.95,37.65,65.95,37.55,65.95,37.45,65.95,37.35,65.95,37.25,65.95,37.15,65.95,37.05,65.95,36.95,65.95,36.85,65.95,36.75,65.95,36.65,65.95,36.55,65.95,36.45,65.95,36.35,65.95,36.25,65.95,36.150000000000006,65.95,36.05,65.95,35.95,65.95,35.85,65.95,35.75,65.95,35.650000000000006,65.95,35.55,65.95,35.45,65.95,35.35,65.95,35.25,65.95,35.150000000000006,65.95,35.05,65.95,34.95,65.95,34.85,65.95,34.75,65.95,34.65,65.95,34.55,65.95,34.45,65.95,34.35,65.95,34.25,65.95,34.15,65.95,34.05,65.95,33.95,65.95,33.85,65.95,33.75,65.95,33.65,65.95,33.55,65.95,33.45,65.95
13.0,39.35,65.95,39.25,65.95,39.150000000000006,65.95,39.05,65.95,38.95,65.95,38.85,65.95,38.75,65.95,38.650000000000006,65.95,38.55,65.95,38.45,65.95,38.35,65.95,38.25,65.95,38.150000000000006,65.95,38.05,65.95,37.95,65.95,37.85,65.95,37.75,65.95,37.650000000000006,65.95,37.55,65.95,37.45,65.95,37.35,65.95,37.25,65.95,37.150000000000006,65.95,37.05,65.95,36.95,65.95,36.85,65.95,36.75,65.95,36.650000000000006,65.95,36.55,65.95,36.45,65.95,36.35,65.95,36.25,65.95,36.150000000000006,65.95,36.05,65.95,35.95,65.95,35.85,65.95,35.75,65.95,35.650000000000006,65.95,35.55,65.95,35.45,65.95,35.35,65.95,35.25,65.95,35.150000000000006,65.95,35.05,65.95,34.95,65.95,34.85,65.95,34.75,65.95,34.650000000000006,65.95,34.55,65.95,34.45,65.95,34.35,65.95,34.25,65.95,34.150000000000006,65.95,34.05,65.95,33.95,65.95,33.85,65.95,33.75,65.95,33.650000000000006,65.95,33.55,65.95,33.45,65.95,33.35,65.95
13.100000000000001,39.25,65.95,39.15,65.95,39.05,65.95,38.95,65.95,38.85,65.95,38.75,65.95,38.65,65.95,38.55,65.95,38.45,65.95,38.35,65.95,38.25,65.95,38.15,65.95,38.05,65.95,37.95,65.95,37.85,65.95,37.75,65.95,37.65,65.95,37.55,65.95,37.45,65.95,37.35,65.95,37.25,65.95,37.15,65.95,37.05,65.95,36.95,65.95,36.85,65.95,36.75,65.95,36.65,65.95,36.55,65.95,36.45,65.95,36.35,65.95,36.25,65.95,36.15,65.95,36.05,65.95,35.95,65.95,35.85,65.95,35.75,65.95,35.65,65.95,35.55,65.95,35.45,65.95,35.35,65.95,35.25,65.95,35.15,65.95,35.05,65.95,34.95,65.95,34.85,65.95,34.75,65.95,34.65,65.95,34.55,65.95,34.45,65.95,34.35,65.95,34.25,65.95,34.15,65.95,34.05,65.95,33.95,65.95,33.85,65.95,33.75,65.95,33.65,65.95,33.55,65.95,33.45,65.95,33.35,65.95,33.25,65.95
13.200000000000001,39.15,65.95,39.05,65.95,38.95,65.95,38.85,65.95,38.75,65.95,38.65,65.95,38.55,65.95,38.45,65.95,38.35,65.95,38.25,65.95,38.15,65.95,38.05,65.95,37.95,65.95,37.85,65.95,37.75,65.95,37.65,65.95,37.55,65.95,37.45,65.95,37.35,65.95,37.25,65.95,37.15,65.95,37.05,65.95,36.95,65.95,36.85,65.95,36.75,65.95,36.65,65.95,36.55,65.95,36.45,65.95,36.35,65.95,36.25,65.95,36.15,65.95,36.05,65.95,35.95,65.95,35.85,65.95,35.75,65.95,35.65,65.95,35.55,65.95,35.45,65.95,35.35,65.95,35.25,65.95,35.15,65.95,35.05,65.95,34.95,65.95,34.85,65.95,34.75,65.95,34.65,65.95,34.55,65.95,34.45,65.95,34.35,65.95,34.25,65.95,34.15,65.95,34.05,65.95,33.95,65.95,33.85,65.95,33.75,65.95,33.65,65.95,33.55,65.95,33.45,65.95,33.35,65.95,33.25,65.95,33.15,65.95
13.3,39.05,65.95,38.95,65.95,38.85,65.95,38.75,65.95,38.65,65.95,38.55,65.95,38.45,65.95,38.35,65.95,38.25,65.95,38.15,65.95,38.05,65.95,37.95,65.95,37.85,65.95,37.75,65.95,37.65,65.95,37.55,65.95,37.45,65.95,37.35,65.95,37.25,65.95,37.15,65.95,37.05,65.95,36.95,65.95,36.85,65.95,36.75,65.95,36.65,65.95,36.55,65.95,36.45,65.95,36.35,65.95,36.25,65.95,36.15,65.95,36.05,65.95,35.95,65.95,35.85,65.95,35.75,65.95,35.65,65.95,35.55,65.95,35.45,65.95,35.35,65.95,35.25,65.95,35.15,65.95,35.05,65.95,34.95,65.95,34.85,65.95,34.75,65.95,34.65,65.95,34.55,65.95,34.45,65.95,34.35,65.95,34.25,65.95,34.15,65.95,34.05,65.95,33.95,65.95,33.85,65.95,33.75,65.95,33.65,65.95,33.55,65.95,33.45,65.95,33.35,65.95,33.25,65.95,33.15,65.95,33.05,65.95
13.4,38.95,65.95,38.85,65.95,38.75,65.95,38.65,65.95,38.55,65.95,38.45,65.95,38.35,65.95,38.25,65.95,38.15,65.95,38.05,65.95,37.95,65.95,37.85,65.95,37.75,65.95,37.65,65.95,37.55,65.95,37.45,65.95,37.35,65.95,37.25,65.95,37.15,65.95,37.05,65.95,36.95,65.95,36.85,65.95,36.75,65.95,36.65,65.95,36.55,65.95,36.45,65.95,36.35,65.95,36.25,65.95,36.150000000000006,65.95,36.05,65.95,35.95,65.95,35.85,65.95,35.75,65.95,35.650000000000006,65.95,35.55,65.95,35.45,65.95,35.35,65.95,35.25,65.95,35.150000000000006,65.95,35.05,65.95,34.95,65.95,34.85,65.95,34.75,65.95,34.650000000000006,65.95,34.55,65.95,34.45,65.95,34.35,65.95,34.25,65.95,34.15,65.95,34.05,65.95,33.95,65.95,33.85,65.95,33.75,65.95,33.65,65.95,33.55,65.95,33.45,65.95,33.35,65.95,33.25,65.95,33.15,65.95,33.05,65.95,32.95,65.95
13.5,38.85,65.95,38.75,65.95,38.650000000000006,65.95,38.55,65.95,38.45,65.95,38.35,65.95,38.25,65.95,38.150000000000006,65.95,38.05,65.95,37.95,65.95,37.85,65.95,37.75,65.95,37.650000000000006,65.95,37.55,65.95,37.45,65.95,37.35,65.95,37.25,65.95,37.150000000000006,65.95,37.05,65.95,36.95,65.95,36.85,65.95,36.75,65.95,36.650000000000006,65.95,36.55,65.95,36.45,65.95,36.35,65.95,36.25,65.95,36.150000000000006,65.95,36.05,65.95,35.95,65.95,35.85,65.95,35.75,65.95,35.650000000000006,65.95,35.55,65.95,35.45,65.95,35.35,65.95,35.25,65.95,35.150000000000006,65.95,35.05,65.95,34.95,65.95,34.85,65.95,34.75,65.95,34.650000000000006,65.95,34.55,65.95,34.45,65.95,34.35,65.95,34.25,65.95,34.150000000000006,65.95,34.05,65.95,33.95,65.95,33.85,65.95,33.75,65.95,33.650000000000006,65.95,33.55,65.95,33.45,65.95,33.35,65.95,33.25,65.95,33.150000000000006,65.95,33.05,65.95,32.95,65.95,32.85,65.95
13.600000000000001,38.75,65.95,38.65,65.95,38.55,65.95,38.45,65.95,38.35,65.95,38.25,65.95,38.15,65.95,38.05,65.95,37.95,65.95,37.85,65.95,37.75,65.95,37.65,65.95,37.55,65.95,37.45,65.95,37.35,65.95,37.25,65.95,37.15,65.95,37.05,65.95,36.95,65.95,36.85,65.95,36.75,65.95,36.65,65.95,36.55,65.95,36.45,65.95,36.35,65.95,36.25,65.95,36.15,65.95,36.05,65.95,35.95,65.95,35.85,65.95,35.75,65.95,35.65,65.95,35.55,65.95,35.45,65.95,35.35,65.95,35.25,65.95,35.15,65.95,35.05,65.95,34.95,65.95,34.85,65.95,34.75,65.95,34.65,65.95,34.55,65.95,34.45,65.95,34.35,65.95,34.25,65.95,34.15,65.95,34.05,65.95,33.95,65.95,33.85,65.95,33.75,65.95,33.65,65.95,33.55,65.95,33.45,65.95,33.35,65.95,33.25,65.95,33.15,65.95,33.05,65.95,32.95,65.95,32.85,65.95,32.75,65.95
13.700000000000001,38.65,65.95,38.55,65.95,38.45,65.95,38.35,65.95,38.25,65.95,38.15,65.95,38.05,65.95,37.95,65.95,37.85,65.95,37.75,65.95,37.65,65.95,37.55,65.95,37.45,65.95,37.35,65.95,37.25,65.95,37.15,65.95,37.05,65.95,36.95,65.95,36.85,65.95,36.75,65.95,36.65,65.95,36.55,65.95,36.45,65.95,36.35,65.95,36.25,65.95,36.15,65.95,36.05,65.95,35.95,65.95,35.85,65.95,35.75,65.95,35.65,65.95,35.55,65.95,35.45,65.95,35.35,65.95,35.25,65.95,35.15,65.95,35.05,65.95,34.95,65.95,34.85,65.95,34.75,65.95,34.65,65.95,34.55,65.95,34.45,65.95,34.35,65.95,34.25,65.95,34.15,65.95,34.05,65.95,33.95,65.95,33.85,65.95,33.75,65.95,33.65,65.95,33.55,65.95,33.45,65.95,33.35,65.95,33.25,65.95,33.15,65.95,33.05,65.95,32.95,65.95,32.85,65.95,32.75,65.95,32.65,65.95
13.8,38.55,65.95,38.45,65.95,38.35,65.95,38.25,65.95,38.15,65.95,38.05,65.95,37.95,65.95,37.85,65.95,37.75,65.95,37.65,65.95,37.55,65.95,37.45,65.95,37.35,65.95,37.25,65.95,37.15,65.95,37.05,65.95,36.95,65.95,36.85,65.95,36.75,65.95,36.65,65.95,36.55,65.95,36.45,65.95,36.35,65.95,36.25,65.95,36.15,65.95,36.05,65.95,35.95,65.95,35.85,65.95,35.75,65.95,35.65,65.95,35.55,65.95,35.45,65.95,35.35,65.95,35.25,65.95,35.15,65.95,35.05,65.95,34.95,65.95,34.85,65.95,34.75,65.95,34.65,65.95,34.55,65.95,34.45,65.95,34.35,65.95,34.25,65.95,34.15,65.95,34.05,65.95,33.95,65.95,33.85,65.95,33.75,65.95,33.65,65.95,33.55,65.95,33.45,65.95,33.35,65.95,33.25,65.95,33.15,65.95,33.05,65.95,32.95,65.95,32.85,65.95,32.75,65.95,32.65,65.95,32.55,65.95
13.9,38.45,65.95,38.35,65.95,38.25,65.95,38.15,65.95,38.05,65.95,37.95,65.95,37.85,65.95,37.75,65.95,37.65,65.95,37.55,65.95,37.45,65.95,37.35,65.95,37.25,65.95,37.15,65.95,37.05,65.95,36.95,65.95,36.85,65.95,36.75,65.95,36.65,65.95,36.55,65.95,36.45,65.95,36.35,65.95,36.25,65.95,36.150000000000006,65.95,36.05,65.95,35.95,65.95,35.85,65.95,35.75,65.95,35.650000000000006,65.95,35.55,65.95,35.45,65.95,35.35,65.95,35.25,65.95,35.150000000000006,65.95,35.05,65.95,34.95,65.95,34.85,65.95,34.75,65.95,34.650000000000006,65.95,34.55,65.95,34.45,65.95,34.35,65.95,34.25,65.95,34.150000000000006,65.95,34.05,65.95,33.95,65.95,33.85,65.95,33.75,65.95,33.65,65.95,33.55,65.95,33.45,65.95,33.35,65.95,33.25,65.95,33.15,65.95,33.05,65.95,32.95,65.95,32.85,65.95,32.75,65.95,32.65,65.95,32.55,65.95,32.45,65.95
14.0,38.35,65.95,38.25,65.95,38.150000000000006,65.95,38.05,65.95,37.95,65.95,37.85,65.95,37.75,65.95,37.650000000000006,65.95,37.55,65.95,37.45,65.95,37.35,65.95,37.25,65.95,37.150000000000006,65.95,37.05,65.95,36.95,65.95,36.85,65.95,36.75,65.95,36.650000000000006,65.95,36.55,65.95,36.45,65.95,36.35,65.95,36.25,65.95,36.150000000000006,65.95,36.05,65.95,35.95,65.95,35.85,65.95,35.75,65.95,35.650000000000006,65.95,35.55,65.95,35.45,65.95,35.35,65.95,35.25,65.95,35.150000000000006,65.95,35.05,65.95,34.95,65.95,34.85,65.95,34.75,65.95,34.650000000000006,65.95,34.55,65.95,34.45,65.95,34.35,65.95,34.25,65.95,34.150000000000006,65.95,34.05,65.95,33.95,65.95,33.85,65.95,33.75,65.95,33.650000000000006,65.95,33.55,65.95,33.45,65.95,33.35,65.95,33.25,65.95,33.150000000000006,65.95,33.05,65.95,32.95,65.95,32.85,65.95,32.75,65.95,32.650000000000006,65.95,32.55,65.95,32.45,65.95,32.35,65.95
14.100000000000001,38.25,65.95,38.15,65.95,38.05,65.95,37.95,65.95,37.85,65.95,37.75,65.95,37.65,65.95,37.55,65.95,37.45,65.95,37.35,65.95,37.25,65.95,37.15,65.95,37.05,65.95,36.95,65.95,36.85,65.95,36.75,65.95,36.65,65.95,36.55,65.95,36.45,65.95,36.35,65.95,36.25,65.95,36.15,65.95,36.05,65.95,35.95,65.95,35.85,65.95,35.75,65.95,35.65,65.95,35.55,65.95,35.45,65.95,35.35,65.95,35.25,65.95,35.15,65.95,35.05,65.95,34.95,65.95,34.85,65.95,34.75,65.95,34.65,65.95,34.55,65.95,34.45,65.95,34.35,65.95,34.25,65.95,34.15,65.95,34.05,65.95,33.95,65.95,33.85,65.95,33.75,65.95,33.65,65.95,33.55,65.95,33.45,65.95,33.35,65.95,33.25,65.95,33.15,65.95,33.05,65.95,32.95,65.95,32.85,65.95,32.75,65.95,32.65,65.95,32.55,65.95,32.45,65.95,32.35,65.95,32.25,65.95
14.200000000000001,38.15,65.95,38.05,65.95,37.95,65.95,37.85,65.95,37.75,65.95,37.65,65.95,37.55,65.95,37.45,65.95,37.35,65.95,37.25,65.95,37.15,65.95,37.05,65.95,36.95,65.95,36.85,65.95,36.75,65.95,36.65,65.95,36.55,65.95,36.45,65.95,36.35,65.95,36.25,65.95,36.15,65.95,36.05,65.95,35.95,65.95,35.85,65.95,35.75,65.95,35.65,65.95,35.55,65.95,35.45,65.95,35.35,65.95,35.25,65.95,35.15,65.95,35.05,65.95,34.95,65.95,34.85,65.95,34.75,65.95,34.65,65.95,34.55,65.95,34.45,65.95,34.35,65.95,34.25,65.95,34.15,65.95,34.05,65.95,33.95,65.95,33.85,65.95,33.75,65.95,33.65,65.95,33.55,65.95,33.45,65.95,33.35,65.95,33.25,65.95,33.15,65.95,33.05,65.95,32.95,65.95,32.85,65.95,32.75,65.95,32.65,65.95,32.55,65.95,32.45,65.95,32.35,65.95,32.25,65.95,32.15,65.95
14.3,38.05,65.95,37.95,65.95,37.85,65.95,37.75,65.95,37.65,65.95,37.55,65.95,37.45,65.95,37.35,65.95,37.25,65.95,37.15,65.95,37.05,65.95,36.95,65.95,36.85,65.95,36.75,65.95,36.65,65.95,36.55,65.95,36.45,65.95,36.35,65.95,36.25,65.95,36.150000000000006,65.95,36.05,65.95,35.95,65.95,35.85,65.95,35.75,65.95,35.65,65.95,35.55,65.95,35.45,65.95,35.35,65.95,35.25,65.95,35.15,65.95,35.05,65.95,34.95,65.95,34.85,65.95,34.75,65.95,34.65,65.95,34.55,65.95,34.45,65.95,34.35,65.95,34.25,65.95,34.15,65.95,34.05,65.95,33.95,65.95,33.85,65.95,33.75,65.95,33.65,65.95,33.55,65.95,33.45,65.95,33.35,65.95,33.25,65.95,33.15,65.95,33.05,65.95,32.95,65.95,32.85,65.95,32.75,65.95,32.65,65.95,32.55,65.95,32.45,65.95,32.35,65.95,32.25,65.95,32.15,65.95,32.05,65.95
14.4,37.95,65.95,37.85,65.95,37.75,65.95,37.65,65.95,37.55,65.95,37.45,65.95,37.35,65.95,37.25,65.95,37.15,65.95,37.05,65.95,36.95,65.95,36.85,65.95,36.75,65.95,36.65,65.95,36.55,65.95,36.45,65.95,36.35,65.95,36.25,65.95,36.150000000000006,65.95,36.05,65.95,35.95,65.95,35.85,65.95,35.75,65.95,35.650000000000006,65.95,35.55,65.95,35.45,65.95,35.35,65.95,35.25,65.95,35.150000000000006,65.95,35.05,65.95,34.95,65.95,34.85,65.95,34.75,65.95,34.650000000000006,65.95,34.55,65.95,34.45,65.95,34.35,65.95,34.25,65.95,34.150000000000006,65.95,34.05,65.95,33.95,65.95,33.85,65.95,33.75,65.95,33.650000000000006,65.95,33.55,65.95,33.45,65.95,33.35,65.95,33.25,65.95,33.15,65.95,33.05,65.95,32.95,65.95,32.85,65.95,32.75,65.95,32.65,65.95,32.55,65.95,32.45,65.95,32.35,65.95,32.25,65.95,32.15,65.95,32.05,65.95,31.950000000000003,65.95
14.5,37.85,65.95,37.75,65.95,37.650000000000006,65.95,37.55,65.95,37.45,65.95,37.35,65.95,37.25,65.95,37.150000000000006,65.95,37.05,65.95,36.95,65.95,36.85,65.95,36.75,65.95,36.650000000000006,65.95,36.55,65.95,36.45,65.95,36.35,65.95,36.25,65.95,36.150000000000006,65.95,36.05,65.95,35.95,65.95,35.85,65.95,35.75,65.95,35.650000000000006,65.95,35.55,65.95,35.45,65.95,35.35,65.95,35.25,65.95,35.150000000000006,65.95,35.05,65.95,34.95,65.95,34.85,65.95,34.75,65.95,34.650000000000006,65.95,34.55,65.95,34.45,65.95,34.35,65.95,34.25,65.95,34.150000000000006,65.95,34.05,65.95,33.95,65.95,33.85,65.95,33.75,65.95,33.650000000000006,65.95,33.55,65.95,33.45,65.95,33.35,65.95,33.25,65.95,33.150000000000006,65.95,33.05,65.95,32.95,65.95,32.85,65.95,32.75,65.95,32.650000000000006,65.95,32.55,65.95,32.45,65.95,32.35,65.95,32.25,65.95,32.150000000000006,65.95,32.05,65.95,31.950000000000003,65.95,31.85,65.95
14.600000000000001,37.75,65.95,37.65,65.95,37.55,65.95,37.45,65.95,37.35,65.95,37.25,65.95,37.15,65.95,37.05,65.95,36.95,65.95,36.85,65.95,36.75,65.95,36.65,65.95,36.55,65.95,36.45,65.95,36.35,65.95,36.25,65.95,36.15,65.95,36.05,65.95,35.95,65.95,35.85,65.95,35.75,65.95,35.65,65.95,35.55,65.95,35.45,65.95,35.35,65.95,35.25,65.95,35.15,65.95,35.05,65.95,34.95,65.95,34.85,65.95,34.75,65.95,34.65,65.95,34.55,65.95,34.45,65.95,34.35,65.95,34.25,65.95,34.15,65.95,34.05,65.95,33.95,65.95,33.85,65.95,33.75,65.95,33.65,65.95,33.55,65.95,33.45,65.95,33.35,65.95,33.25,65.95,33.15,65.95,33.05,65.95,32.95,65.95,32.85,65.95,32.75,65.95,32.65,65.95,32.55,65.95,32.45,65.95,32.35,65.95,32.25,65.95,32.15,65.95,32.05,65.95,31.95,65.95,31.85,65.95,31.75,65.95
14.700000000000001,37.65,65.95,37.55,65.95,37.45,65.95,37.35,65.95,37.25,65.95,37.15,65.95,37.05,65.95,36.95,65.95,36.85,65.95,36.75,65.95,36.65,65.95,36.55,65.95,36.45,65.95,36.35,65.95,36.25,65.95,36.15,65.95,36.05,65.95,35.95,65.95,35.85,65.95,35.75,65.95,35.65,65.95,35.55,65.95,35.45,65.95,35.35,65.95,35.25,65.95,35.15,65.95,35.05,65.95,34.95,65.95,34.85,65.95,34.75,65.95,34.65,65.95,34.55,65.95,34.45,65.95,34.35,65.95,34.25,65.95,34.15,65.95,34.05,65.95,33.95,65.95,33.85,65.95,33.75,65.95,33.65,65.95,33.55,65.95,33.45,65.95,33.35,65.95,33.25,65.95,33.15,65.95,33.05,65.95,32.95,65.95,32.85,65.95,32.75,65.95,32.65,65.95,32.55,65.95,32.45,65.95,32.35,65.95,32.25,65.95,32.15,65.95,32.05,65.95,31.95,65.95,31.85,65.95,31.75,65.95,31.65,65.95
14.8,37.55,65.95,37.45,65.95,37.35,65.95,37.25,65.95,37.15,65.95,37.05,65.95,36.95,65.95,36.85,65.95,36.75,65.95,36.65,65.95,36.55,65.95,36.45,65.95,36.35,65.95,36.25,65.95,36.150000000000006,65.95,36.05,65.95,35.95,65.95,35.85,65.95,35.75,65.95,35.650000000000006,65.95,35.55,65.95,35.45,65.95,35.35,65.95,35.25,65.95,35.15,65.95,35.05,65.95,34.95,65.95,34.85,65.95,34.75,65.95,34.65,65.95,34.55,65.95,34.45,65.95,34.35,65.95,34.25,65.95,34.15,65.95,34.05,65.95,33.95,65.95,33.85,65.95,33.75,65.95,33.65,65.95,33.55,65.95,33.45,65.95,33.35,65.95,33.25,65.95,33.15,65.95,33.05,65.95,32.95,65.95,32.85,65.95,32.75,65.95,32.65,65.95,32.55,65.95,32.45,65.95,32.35,65.95,32.25,65.95,32.15,65.95,32.05,65.95,31.95,65.95,31.85,65.95,31.75,65.95,31.65,65.95,31.55,65.95
14.9,37.45,65.95,37.35,65.95,37.25,65.95,37.15,65.95,37.05,65.95,36.95,65.95,36.85,65.95,36.75,65.95,36.65,65.95,36.55,65.95,36.45,65.95,36.35,65.95,36.25,65.95,36.150000000000006,65.95,36.05,65.95,35.95,65.95,35.85,65.95,35.75,65.95,35.650000000000006,65.95,35.55,65.95,35.45,65.95,35.35,65.95,35.25,65.95,35.150000000000006,65.95,35.05,65.95,34.95,65.95,34.85,65.95,34.75,65.95,34.650000000000006,65.95,34.55,65.95,34.45,65.95,34.35,65.95,34.25,65.95,34.150000000000006,65.95,34.05,65.95,33.95,65.95,33.85,65.95,33.75,65.95,33.650000000000006,65.95,33.55,65.95,33.45,65.95,33.35,65.95,33.25,65.95,33.150000000000006,65.95,33.05,65.95,32.95,65.95,32.85,65.95,32.75,65.95,32.65,65.95,32.55,65.95,32.45,65.95,32.35,65.95,32.25,65.95,32.15,65.95,32.05,65.95,31.950000000000003,65.95,31.85,65.95,31.75,65.95,31.65,65.95,31.55,65.95,31.450000000000003,65.95
15.0,37.35,65.95,37.25,65.95,37.150000000000006,65.95,37.05,65.95,36.95,65.95,36.85,65.95,36.75,65.95,36.650000000000006,65.95,36.55,65.95,36.45,65.95,36.35,65.95,36.25,65.95,36.150000000000006,65.95,36.05,65.95,35.95,65.95,35.85,65.95,35.75,65.95,35.650000000000006,65.95,35.55,65.95,35.45,65.95,35.35,65.95,35.25,65.95,35.150000000000006,65.95,35.05,65.95,34.95,65.95,34.85,65.95,34.75,65.95,34.650000000000006,65.95,34.55,65.95,34.45,65.95,34.35,65.95,34.25,65.95,34.150000000000006,65.95,34.05,65.95,33.95,65.95,33.85,65.95,33.75,65.95,33.650000000000006,65.95,33.55,65.95,33.45,65.95,33.35,65.95,33.25,65.95,33.150000000000006,65.95,33.05,65.95,32.95,65.95,32.85,65.95,32.75,65.95,32.650000000000006,65.95,32.55,65.95,32.45,65.95,32.35,65.95,32.25,65.95,32.150000000000006,65.95,32.05,65.95,31.950000000000003,65.95,31.85,65.95,31.75,65.95,31.650000000000002,65.95,31.55,65.95,31.450000000000003,65.95,31.35,65.95
15.100000000000001,37.25,65.95,37.15,65.95,37.05,65.95,36.95,65.95,36.85,65.95,36.75,65.95,36.65,65.95,36.55,65.95,36.45,65.95,36.35,65.95,36.25,65.95,36.15,65.95,36.05,65.95,35.95,65.95,35.85,65.95,35.75,65.95,35.65,65.95,35.55,65.95,35.45,65.95,35.35,65.95,35.25,65.95,35.15,65.95,35.05,65.95,34.95,65.95,34.85,65.95,34.75,65.95,34.65,65.95,34.55,65.95,34.45,65.95,34.35,65.95,34.25,65.95,34.15,65.95,34.05,65.95,33.95,65.95,33.85,65.95,33.75,65.95,33.65,65.95,33.55,65.95,33.45,65.95,33.35,65.95,33.25,65.95,33.15,65.95,33.05,65.95,32.95,65.95,32.85,65.95,32.75,65.95,32.65,65.95,32.55,65.95,32.45,65.95,32.35,65.95,32.25,65.95,32.15,65.95,32.05,65.95,31.95,65.95,31.85,65.95,31.75,65.95,31.65,65.95,31.55,65.95,31.45,65.95,31.35,65.95,31.25,65.95
15.200000000000001,37.15,65.95,37.05,65.95,36.95,65.95,36.85,65.95,36.75,65.95,36.65,65.95,36.55,65.95,36.45,65.95,36.35,65.95,36.25,65.95,36.15,65.95,36.05,65.95,35.95,65.95,35.85,65.95,35.75,65.95,35.65,65.95,35.55,65.95,35.45,65.95,35.35,65.95,35.25,65.95,35.15,65.95,35.05,65.95,34.95,65.95,34.85,65.95,34.75,65.95,34.65,65.95,34.55,65.95,34.45,65.95,34.35,65.95,34.25,65.95,34.15,65.95,34.05,65.95,33.95,65.95,33.85,65.95,33.75,65.95,33.65,65.95,33.55,65.95,33.45,65.95,33.35,65.95,33.25,65.95,33.15,65.95,33.05,65.95,32.95,65.95,32.85,65.95,32.75,65.95,32.65,65.95,32.55,65.95,32.45,65.95,32.35,65.95,32.25,65.95,32.15,65.95,32.05,65.95,31.95,65.95,31.85,65.95,31.75,65.95,31.65,65.95,31.55,65.95,31.45,65.95,31.35,65.95,31.25,65.95,31.15,65.95
15.3,37.05,65.95,36.95,65.95,36.85,65.95,36.75,65.95,36.65,65.95,36.55,65.95,36.45,65.95,36.35,65.95,36.25,65.95,36.150000000000006,65.95,36.05,65.95,35.95,65.95,35.85,65.95,35.75,65.95,35.650000000000006,65.95,35.55,65.95,35.45,65.95,35.35,65.95,35.25,65.95,35.150000000000006,65.95,35.05,65.95,34.95,65.95,34.85,65.95,34.75,65.95,34.65,65.95,34.55,65.95,34.45,65.95,34.35,65.95,34.25,65.95,34.15,65.95,34.05,65.95,33.95,65.95,33.85,65.95,33.75,65.95,33.65,65.95,33.55,65.95,33.45,65.95,33.35,65.95,33.25,65.95,33.15,65.95,33.05,65.95,32.95,65.95,32.85,65.95,32.75,65.95,32.65,65.95,32.55,65.95,32.45,65.95,32.35,65.95,32.25,65.95,32.15,65.95,32.05,65.95,31.95,65.95,31.85,65.95,31.75,65.95,31.65,65.95,31.55,65.95,31.45,65.95,31.35,65.95,31.25,65.95,31.15,65.95,31.05,65.95
15.4,36.95,65.95,36.85,65.95,36.75,65.95,36.65,65.95,36.55,65.95,36.45,65.95,36.35,65.95,36.25,65.95,36.150000000000006,65.95,36.05,65.95,35.95,65.95,35.85,65.95,35.75,65.95,35.650000000000006,65.95,35.55,65.95,35.45,65.95,35.35,65.95,35.25,65.95,35.150000000000006,65.95,35.05,65.95,34.95,65.95,34.85,65.95,34.75,65.95,34.650000000000006,65.95,34.55,65.95,34.45,65.95,34.35,65.95,34.25,65.95,34.150000000000006,65.95,34.05,65.95,33.95,65.95,33.85,65.95,33.75,65.95,33.650000000000006,65.95,33.55,65.95,33.45,65.95,33.35,65.95,33.25,65.95,33.150000000000006,65.95,33.05,65.95,32.95,65.95,32.85,65.95,32.75,65.95,32.650000000000006,65.95,32.55,65.95,32.45,65.95,32.35,65.95,32.25,65.95,32.15,65.95,32.05,65.95,31.950000000000003,65.95,31.85,65.95,31.75,65.95,31.65,65.95,31.55,65.95,31.450000000000003,65.95,31.35,65.95,31.25,65.95,31.15,65.95,31.05,65.95,30.950000000000003,65.95
15.5,36.85,65.95,36.75,65.95,36.650000000000006,65.95,36.55,65.95,36.45,65.95,36.35,65.95,36.25,65.95,36.150000000000006,65.95,36.05,65.95,35.95,65.95,35.85,65.95,35.75,65.95,35.650000000000006,65.95,35.55,65.95,35.45,65.95,35.35,65.95,35.25,65.95,35.150000000000006,65.95,35.05,65.95,34.95,65.95,34.85,65.95,34.75,65.95,34.650000000000006,65.95,34.55,65.95,34.45,65.95,34.35,65.95,34.25,65.95,34.150000000000006,65.95,34.05,65.95,33.95,65.95,33.85,65.95,33.75,65.95,33.650000000000006,65.95,33.55,65.95,33.45,65.95,33.35,65.95,33.25,65.95,33.150000000000006,65.95,33.05,65.95,32.95,65.95,32.85,65.95,32.75,65.95,32.650000000000006,65.95,32.55,65.95,32.45,65.95,32.35,65.95,32.25,65.95,32.150000000000006,65.95,32.05,65.95,31.950000000000003,65.95,31.85,65.95,31.75,65.95,31.650000000000002,65.95,31.55,65.95,31.450000000000003,65.95,31.35,65.95,31.25,65.95,31.150000000000002,65.95,31.05,65.95,30.950000000000003,65.95,30.85,65.95
15.600000000000001,36.75,65.95,36.65,65.95,36.55,65.95,36.45,65.95,36.35,65.95,36.25,65.95,36.15,65.95,36.05,65.95,35.95,65.95,35.85,65.95,35.75,65.95,35.65,65.95,35.55,65.95,35.45,65.95,35.35,65.95,35.25,65.95,35.15,65.95,35.05,65.95,34.95,65.95,34.85,65.95,34.75,65.95,34.65,65.95,34.55,65.95,34.45,65.95,34.35,65.95,34.25,65.95,34.15,65.95,34.05,65.95,33.95,65.95,33.85,65.95,33.75,65.95,33.65,65.95,33.55,65.95,33.45,65.95,33.35,65.95,33.25,65.95,33.15,65.95,33.05,65.95,32.95,65.95,32.85,65.95,32.75,65.95,32.65,65.95,32.55,65.95,32.45,65.95,32.35,65.95,32.25,65.95,32.15,65.95,32.05,65.95,31.95,65.95,31.85,65.95,31.75,65.95,31.65,65.95,31.55,65.95,31.45,65.95,31.35,65.95,31.25,65.95,31.15,65.95,31.05,65.95,30.95,65.95,30.85,65.95,30.75,65.95
15.700000000000001,36.65,65.95,36.55,65.95,36.45,65.95,36.35,65.95,36.25,65.95,36.15,65.95,36.05,65.95,35.95,65.95,35.85,65.95,35.75,65.95,35.65,65.95,35.55,65.95,35.45,65.95,35.35,65.95,35.25,65.95,35.15,65.95,35.05,65.95,34.95,65.95,34.85,65.95,34.75,65.95,34.65,65.95,34.55,65.95,34.45,65.95,34.35,65.95,34.25,65.95,34.15,65.95,34.05,65.95,33.95,65.95,33.85,65.95,33.75,65.95,33.65,65.95,33.55,65.95,33.45,65.95,33.35,65.95,33.25,65.95,33.15,65.95,33.05,65.95,32.95,65.95,32.85,65.95,32.75,65.95,32.65,65.95,32.55,65.95,32.45,65.95,32.35,65.95,32.25,65.95,32.15,65.95,32.05,65.95,31.95,65.95,31.85,65.95,31.75,65.95,31.65,65.95,31.55,65.95,31.45,65.95,31.35,65.95,31.25,65.95,31.15,65.95,31.05,65.95,30.95,65.95,30.85,65.95,30.75,65.95,30.65,65.95
15.8,36.55,65.95,36.45,65.95,36.35,65.95,36.25,65.95,36.150000000000006,65.95,36.05,65.95,35.95,65.95,35.85,65.95,35.75,65.95,35.650000000000006,65.95,35.55,65.95,35.45,65.95,35.35,65.95,35.25,65.95,35.150000000000006,65.95,35.05,65.95,34.95,65.95,34.85,65.95,34.75,65.95,34.650000000000006,65.95,34.55,65.95,34.45,65.95,34.35,65.95,34.25,65.95,34.15,65.95,34.05,65.95,33.95,65.95,33.85,65.95,33.75,65.95,33.65,65.95,33.55,65.95,33.45,65.95,33.35,65.95,33.25,65.95,33.15,65.95,33.05,65.95,32.95,65.95,32.85,65.95,32.75,65.95,32.65,65.95,32.55,65.95,32.45,65.95,32.35,65.95,32.25,65.95,32.15,65.95,32.05,65.95,31.95,65.95,31.85,65.95,31.75,65.95,31.65,65.95,31.55,65.95,31.45,65.95,31.35,65.95,31.25,65.95,31.15,65.95,31.05,65.95,30.95,65.95,30.85,65.95,30.75,65.95,30.65,65.95,30.55,65.95
15.9,36.45,65.95,36.35,65.95,36.25,65.95,36.150000000000006,65.95,36.05,65.95,35.95,65.95,35.85,65.95,35.75,65.95,35.650000000000006,65.95,35.55,65.95,35.45,65.95,35.35,65.95,35.25,65.95,35.150000000000006,65.95,35.05,65.95,34.95,65.95,34.85,65.95,34.75,65.95,34.650000000000006,65.95,34.55,65.95,34.45,65.95,34.35,65.95,34.25,65.95,34.150000000000006,65.95,34.05,65.95,33.95,65.95,33.85,65.95,33.75,65.95,33.650000000000006,65.95,33.55,65.95,33.45,65.95,33.35,65.95,33.25,65.95,33.150000000000006,65.95,33.05,65.95,32.95,65.95,32.85,65.95,32.75,65.95,32.650000000000006,65.95,32.55,65.95,32.45,65.95,32.35,65.95,32.25,65.95,32.150000000000006,65.95,32.05,65.95,31.950000000000003,65.95,31.85,65.95,31.75,65.95,31.65,65.95,31.55,65.95,31.450000000000003,65.95,31.35,65.95,31.25,65.95,31.15,65.95,31.05,65.95,30.950000000000003,65.95,30.85,65.95,30.75,65.95,30.65,65.95,30.55,65.95,30.450000000000003,65.95
16.0,36.35,65.95,36.25,65.95,36.150000000000006,65.95,36.05,65.95,35.95,65.95,35.85,65.95,35.75,65.95,35.650000000000006,65.95,35.55,65.95,35.45,65.95,35.35,65.95,35.25,65.95,35.150000000000006,65.95,35.05,65.95,34.95,65.95,34.85,65.95,34.75,65.95,34.650000000000006,65.95,34.55,65.95,34.45,65.95,34.35,65.95,34.25,65.95,34.150000000000006,65.95,34.05,65.95,33.95,65.95,33.85,65.95,33.75,65.95,33.650000000000006,65.95,33.55,65.95,33.45,65.95,33.35,65.95,33.25,65.95,33.150000000000006,65.95,33.05,65.95,32.95,65.95,32.85,65.95,32.75,65.95,32.650000000000006,65.95,32.55,65.95,32.45,65.95,32.35,65.95,32.25,65.95,32.150000000000006,65.95,32.05,65.95,31.950000000000003,65.95,31.85,65.95,31.75,65.95,31.650000000000002,65.95,31.55,65.95,31.450000000000003,65.95,31.35,65.95,31.25,65.95,31.150000000000002,65.95,31.05,65.95,30.950000000000003,65.95,30.85,65.95,30.75,65.95,30.650000000000002,65.95,30.55,65.95,30.450000000000003,65.95,30.35,65.95
16.1,36.25,65.95,36.15,65.95,36.05,65.95,35.95,65.95,35.85,65.95,35.75,65.95,35.65,65.95,35.55,65.95,35.45,65.95,35.35,65.95,35.25,65.95,35.15,65.95,35.05,65.95,34.95,65.95,34.85,65.95,34.75,65.95,34.65,65.95,34.55,65.95,34.45,65.95,34.35,65.95,34.25,65.95,34.15,65.95,34.05,65.95,33.95,65.95,33.85,65.95,33.75,65.95,33.65,65.95,33.55,65.95,33.45,65.95,33.35,65.95,33.25,65.95,33.15,65.95,33.05,65.95,32.95,65.95,32.85,65.95,32.75,65.95,32.65,65.95,32.55,65.95,32.45,65.95,32.35,65.95,32.25,65.95,32.15,65.95,32.05,65.95,31.95,65.95,31.85,65.95,31.75,65.95,31.65,65.95,31.55,65.95,31.45,65.95,31.35,65.95,31.25,65.95,31.15,65.95,31.05,65.95,30.95,65.95,30.85,65.95,30.75,65.95,30.65,65.95,30.55,65.95,30.45,65.95,30.35,65.95,30.25,65.95
16.2,36.150000000000006,65.95,36.05,65.95,35.95,65.95,35.85,65.95,35.75,65.95,35.650000000000006,65.95,35.55,65.95,35.45,65.95,35.35,65.95,35.25,65.95,35.150000000000006,65.95,35.05,65.95,34.95,65.95,34.85,65.95,34.75,65.95,34.650000000000006,65.95,34.55,65.95,34.45,65.95,34.35,65.95,34.25,65.95,34.150000000000006,65.95,34.05,65.95,33.95,65.95,33.85,65.95,33.75,65.95,33.650000000000006,65.95,33.55,65.95,33.45,65.95,33.35,65.95,33.25,65.95,33.150000000000006,65.95,33.05,65.95,32.95,65.95,32.85,65.95,32.75,65.95,32.650000000000006,65.95,32.55,65.95,32.45,65.95,32.35,65.95,32.25,65.95,32.150000000000006,65.95,32.05,65.95,31.950000000000003,65.95,31.85,65.95,31.75,65.95,31.650000000000002,65.95,31.55,65.95,31.450000000000003,65.95,31.35,65.95,31.25,65.95,31.150000000000002,65.95,31.05,65.95,30.950000000000003,65.95,30.85,65.95,30.75,65.95,30.650000000000002,65.95,30.55,65.95,30.450000000000003,65.95,30.35,65.95,30.25,65.95,30.150000000000002,65.95
16.3,36.05,65.95,35.95,65.95,35.85,65.95,35.75,65.95,35.650000000000006,65.95,35.55,65.95,35.45,65.95,35.35,65.95,35.25,65.95,35.150000000000006,65.95,35.05,65.95,34.95,65.95,34.85,65.95,34.75,65.95,34.650000000000006,65.95,34.55,65.95,34.45,65.95,34.35,65.95,34.25,65.95,34.150000000000006,65.95,34.05,65.95,33.95,65.95,33.85,65.95,33.75,65.95,33.65,65.95,33.55,65.95,33.45,65.95,33.35,65.95,33.25,65.95,33.15,65.95,33.05,65.95,32.95,65.95,32.85,65.95,32.75,65.95,32.65,65.95,32.55,65.95,32.45,65.95,32.35,65.95,32.25,65.95,32.15,65.95,32.05,65.95,31.95,65.95,31.85,65.95,31.75,65.95,31.65,65.95,31.55,65.95,31.45,65.95,31.35,65.95,31.25,65.95,31.15,65.95,31.05,65.95,30.95,65.95,30.85,65.95,30.75,65.95,30.65,65.95,30.55,65.95,30.45,65.95,30.35,65.95,30.25,65.95,30.15,65.95,30.05,65.95
16.400000000000002,35.95,65.95,35.849999999999994,65.95,35.75,65.95,35.65,65.95,35.55,65.95,35.45,65.95,35.349999999999994,65.95,35.25,65.95,35.15,65.95,35.05,65.95,34.95,65.95,34.849999999999994,65.95,34.75,65.95,34.65,65.95,34.55,65.95,34.45,65.95,34.349999999999994,65.95,34.25,65.95,34.15,65.95,34.05,65.95,33.95,65.95,33.849999999999994,65.95,33.75,65.95,33.65,65.95,33.55,65.95,33.45,65.95,33.349999999999994,65.95,33.25,65.95,33.15,65.95,33.05,65.95,32.95,65.95,32.849999999999994,65.95,32.75,65.95,32.65,65.95,32.55,65.95,32.45,65.95,32.349999999999994,65.95,32.25,65.95,32.15,65.95,32.05,65.95,31.95,65.95,31.849999999999998,65.95,31.75,65.95,31.65,65.95,31.549999999999997,65.95,31.45,65.95,31.349999999999998,65.95,31.25,65.95,31.15,65.95,31.049999999999997,65.95,30.95,65.95,30.849999999999998,65.95,30.75,65.95,30.65,65.95,30.549999999999997,65.95,30.45,65.95,30.349999999999998,65.95,30.25,65.95,30.15,65.95,30.049999999999997,65.95,29.95,65.95
16.5,35.85,65.95,35.75,65.95,35.650000000000006,65.95,35.55,65.95,35.45,65.95,35.35,65.95,35.25,65.95,35.150000000000006,65.95,35.05,65.95,34.95,65.95,34.85,65.95,34.75,65.95,34.650000000000006,65.95,34.55,65.95,34.45,65.95,34.35,65.95,34.25,65.95,34.150000000000006,65.95,34.05,65.95,33.95,65.95,33.85,65.95,33.75,65.95,33.650000000000006,65.95,33.55,65.95,33.45,65.95,33.35,65.95,33.25,65.95,33.150000000000006,65.95,33.05,65.95,32.95,65.95,32.85,65.95,32.75,65.95,32.650000000000006,65.95,32.55,65.95,32.45,65.95,32.35,65.95,32.25,65.95,32.150000000000006,65.95,32.05,65.95,31.950000000000003,65.95,31.85,65.95,31.75,65.95,31.650000000000002,65.95,31.55,65.95,31.450000000000003,65.95,31.35,65.95,31.25,65.95,31.150000000000002,65.95,31.05,65.95,30.950000000000003,65.95,30.85,65.95,30.75,65.95,30.650000000000002,65.95,30.55,65.95,30.450000000000003,65.95,30.35,65.95,30.25,65.95,30.150000000000002,65.95,30.05,65.95,29.950000000000003,65.95,29.85,65.95
16.6,35.75,65.95,35.65,65.95,35.55,65.95,35.45,65.95,35.35,65.95,35.25,65.95,35.15,65.95,35.05,65.95,34.95,65.95,34.85,65.95,34.75,65.95,34.65,65.95,34.55,65.95,34.45,65.95,34.35,65.95,34.25,65.95,34.15,65.95,34.05,65.95,33.95,65.95,33.85,65.95,33.75,65.95,33.65,65.95,33.55,65.95,33.45,65.95,33.35,65.95,33.25,65.95,33.15,65.95,33.05,65.95,32.95,65.95,32.85,65.95,32.75,65.95,32.65,65.95,32.55,65.95,32.45,65.95,32.35,65.95,32.25,65.95,32.15,65.95,32.05,65.95,31.95,65.95,31.85,65.95,31.75,65.95,31.65,65.95,31.55,65.95,31.45,65.95,31.35,65.95,31.25,65.95,31.15,65.95,31.05,65.95,30.95,65.95,30.85,65.95,30.75,65.95,30.65,65.95,30.55,65.95,30.45,65.95,30.35,65.95,30.25,65.95,30.15,65.95,30.05,65.95,29.95,65.95,29.85,65.95,29.75,65.95
16.7,35.650000000000006,65.95,35.55,65.95,35.45,65.95,35.35,65.95,35.25,65.95,35.150000000000006,65.95,35.05,65.95,34.95,65.95,34.85,65.95,34.75,65.95,34.650000000000006,65.95,34.55,65.95,34.45,65.95,34.35,65.95,34.25,65.95,34.150000000000006,65.95,34.05,65.95,33.95,65.95,33.85,65.95,33.75,65.95,33.650000000000006,65.95,33.55,65.95,33.45,65.95,33.35,65.95,33.25,65.95,33.150000000000006,65.95,33.05,65.95,32.95,65.95,32.85,65.95,32.75,65.95,32.650000000000006,65.95,32.55,65.95,32.45,65.95,32.35,65.95,32.25,65.95,32.150000000000006,65.95,32.05,65.95,31.950000000000003,65.95,31.85,65.95,31.75,65.95,31.650000000000002,65.95,31.55,65.95,31.450000000000003,65.95,31.35,65.95,31.25,65.95,31.150000000000002,65.95,31.05,65.95,30.950000000000003,65.95,30.85,65.95,30.75,65.95,30.650000000000002,65.95,30.55,65.95,30.450000000000003,65.95,30.35,65.95,30.25,65.95,30.150000000000002,65.95,30.05,65.95,29.950000000000003,65.95,29.85,65.95,29.75,65.95,29.650000000000002,65.95
16.8,35.55,65.95,35.45,65.95,35.35,65.95,35.25,65.95,35.150000000000006,65.95,35.05,65.95,34.95,65.95,34.85,65.95,34.75,65.95,34.650000000000006,65.95,34.55,65.95,34.45,65.95,34.35,65.95,34.25,65.95,34.150000000000006,65.95,34.05,65.95,33.95,65.95,33.85,65.95,33.75,65.95,33.650000000000006,65.95,33.55,65.95,33.45,65.95,33.35,65.95,33.25,65.95,33.15,65.95,33.05,65.95,32.95,65.95,32.85,65.95,32.75,65.95,32.65,65.95,32.55,65.95,32.45,65.95,32.35,65.95,32.25,65.95,32.15,65.95,32.05,65.95,31.95,65.95,31.85,65.95,31.75,65.95,31.65,65.95,31.55,65.95,31.45,65.95,31.35,65.95,31.25,65.95,31.15,65.95,31.05,65.95,30.95,65.95,30.85,65.95,30.75,65.95,30.65,65.95,30.55,65.95,30.45,65.95,30.35,65.95,30.25,65.95,30.15,65.95,30.05,65.95,29.95,65.95,29.85,65.95,29.75,65.95,29.65,65.95,29.55,65.95
16.900000000000002,35.45,65.95,35.349999999999994,65.95,35.25,65.95,35.15,65.95,35.05,65.95,34.95,65.95,34.849999999999994,65.95,34.75,65.95,34.65,65.95,34.55,65.95,34.45,65.95,34.349999999999994,65.95,34.25,65.95,34.15,65.95,34.05,65.95,33.95,65.95,33.849999999999994,65.95,33.75,65.95,33.65,65.95,33.55,65.95,33.45,65.95,33.349999999999994,65.95,33.25,65.95,33.15,65.95,33.05,65.95,32.95,65.95,32.849999999999994,65.95,32.75,65.95,32.65,65.95,32.55,65.95,32.45,65.95,32.349999999999994,65.95,32.25,65.95,32.15,65.95,32.05,65.95,31.95,65.95,31.849999999999998,65.95,31.75,65.95,31.65,65.95,31.549999999999997,65.95,31.45,65.95,31.349999999999998,65.95,31.25,65.95,31.15,65.95,31.049999999999997,65.95,30.95,65.95,30.849999999999998,65.95,30.75,65.95,30.65,65.95,30.549999999999997,65.95,30.45,65.95,30.349999999999998,65.95,30.25,65.95,30.15,65.95,30.049999999999997,65.95,29.95,65.95,29.849999999999998,65.95,29.75,65.95,29.65,65.95,29.549999999999997,65.95,29.45,65.95
17.0,35.35,65.95,35.25,65.95,35.150000000000006,65.95,35.05,65.95,34.95,65.95,34.85,65.95,34.75,65.95,34.650000000000006,65.95,34.55,65.95,34.45,65.95,34.35,65.95,34.25,65.95,34.150000000000006,65.95,34.05,65.95,33.95,65.95,33.85,65.95,33.75,65.95,33.650000000000006,65.95,33.55,65.95,33.45,65.95,33.35,65.95,33.25,65.95,33.150000000000006,65.95,33.05,65.95,32.95,65.95,32.85,65.95,32.75,65.95,32.650000000000006,65.95,32.55,65.95,32.45,65.95,32.35,65.95,32.25,65.95,32.150000000000006,65.95,32.05,65.95,31.950000000000003,65.95,31.85,65.95,31.75,65.95,31.650000000000002,65.95,31.55,65.95,31.450000000000003,65.95,31.35,65.95,31.25,65.95,31.150000000000002,65.95,31.05,65.95,30.950000000000003,65.95,30.85,65.95,30.75,65.95,30.650000000000002,65.95,30.55,65.95,30.450000000000003,65.95,30.35,65.95,30.25,65.95,30.150000000000002,65.95,30.05,65.95,29.950000000000003,65.95,29.85,65.95,29.75,65.95,29.650000000000002,65.95,29.55,65.95,29.450000000000003,65.95,29.35,65.95
17.1,35.25,65.95,35.15,65.95,35.05,65.95,34.95,65.95,34.85,65.95,34.75,65.95,34.65,65.95,34.55,65.95,34.45,65.95,34.35,65.95,34.25,65.95,34.15,65.95,34.05,65.95,33.95,65.95,33.85,65.95,33.75,65.95,33.65,65.95,33.55,65.95,33.45,65.95,33.35,65.95,33.25,65.95,33.15,65.95,33.05,65.95,32.95,65.95,32.85,65.95,32.75,65.95,32.65,65.95,32.55,65.95,32.45,65.95,32.35,65.95,32.25,65.95,32.15,65.95,32.05,65.95,31.95,65.95,31.85,65.95,31.75,65.95,31.65,65.95,31.55,65.95,31.45,65.95,31.35,65.95,31.25,65.95,31.15,65.95,31.05,65.95,30.95,65.95,30.85,65.95,30.75,65.95,30.65,65.95,30.55,65.95,30.45,65.95,30.35,65.95,30.25,65.95,30.15,65.95,30.05,65.95,29.95,65.95,29.85,65.95,29.75,65.95,29.65,65.95,29.55,65.95,29.45,65.95,29.35,65.95,29.25,65.95
17.2,35.150000000000006,65.95,35.05,65.95,34.95,65.95,34.85,65.95,34.75,65.95,34.650000000000006,65.95,34.55,65.95,34.45,65.95,34.35,65.95,34.25,65.95,34.150000000000006,65.95,34.05,65.95,33.95,65.95,33.85,65.95,33.75,65.95,33.650000000000006,65.95,33.55,65.95,33.45,65.95,33.35,65.95,33.25,65.95,33.150000000000006,65.95,33.05,65.95,32.95,65.95,32.85,65.95,32.75,65.95,32.650000000000006,65.95,32.55,65.95,32.45,65.95,32.35,65.95,32.25,65.95,32.150000000000006,65.95,32.05,65.95,31.950000000000003,65.95,31.85,65.95,31.75,65.95,31.650000000000002,65.95,31.55,65.95,31.450000000000003,65.95,31.35,65.95,31.25,65.95,31.150000000000002,65.95,31.05,65.95,30.950000000000003,65.95,30.85,65.95,30.75,65.95,30.650000000000002,65.95,30.55,65.95,30.450000000000003,65.95,30.35,65.95,30.25,65.95,30.150000000000002,65.95,30.05,65.95,29.950000000000003,65.95,29.85,65.95,29.75,65.95,29.650000000000002,65.95,29.55,65.95,29.450000000000003,65.95,29.35,65.95,29.25,65.95,29.150000000000002,65.95
17.3,35.05,65.95,34.95,65.95,34.85,65.95,34.75,65.95,34.650000000000006,65.95,34.55,65.95,34.45,65.95,34.35,65.95,34.25,65.95,34.150000000000006,65.95,34.05,65.95,33.95,65.95,33.85,65.95,33.75,65.95,33.650000000000006,65.95,33.55,65.95,33.45,65.95,33.35,65.95,33.25,65.95,33.150000000000006,65.95,33.05,65.95,32.95,65.95,32.85,65.95,32.75,65.95,32.65,65.95,32.55,65.95,32.45,65.95,32.35,65.95,32.25,65.95,32.15,65.95,32.05,65.95,31.95,65.95,31.85,65.95,31.75,65.95,31.65,65.95,31.55,65.95,31.45,65.95,31.35,65.95,31.25,65.95,31.15,65.95,31.05,65.95,30.95,65.95,30.85,65.95,30.75,65.95,30.65,65.95,30.55,65.95,30.45,65.95,30.35,65.95,30.25,65.95,30.15,65.95,30.05,65.95,29.95,65.95,29.85,65.95,29.75,65.95,29.65,65.95,29.55,65.95,29.45,65.95,29.35,65.95,29.25,65.95,29.15,65.95,29.05,65.95
17.400000000000002,34.95,65.95,34.849999999999994,65.95,34.75,65.95,34.65,65.95,34.55,65.95,34.45,65.95,34.349999999999994,65.95,34.25,65.95,34.15,65.95,34.05,65.95,33.95,65.95,33.849999999999994,65.95,33.75,65.95,33.65,65.95,33.55,65.95,33.45,65.95,33.349999999999994,65.95,33.25,65.95,33.15,65.95,33.05,65.95,32.95,65.95,32.849999999999994,65.95,32.75,65.95,32.65,65.95,32.55,65.95,32.45,65.95,32.349999999999994,65.95,32.25,65.95,32.15,65.95,32.05,65.95,31.95,65.95,31.849999999999998,65.95,31.75,65.95,31.65,65.95,31.549999999999997,65.95,31.45,65.95,31.349999999999998,65.95,31.25,65.95,31.15,65.95,31.049999999999997,65.95,30.95,65.95,30.849999999999998,65.95,30.75,65.95,30.65,65.95,30.549999999999997,65.95,30.45,65.95,30.349999999999998,65.95,30.25,65.95,30.15,65.95,30.049999999999997,65.95,29.95,65.95,29.849999999999998,65.95,29.75,65.95,29.65,65.95,29.549999999999997,65.95,29.45,65.95,29.349999999999998,65.95,29.25,65.95,29.15,65.95,29.049999999999997,65.95,28.95,65.95
17.5,34.85,65.95,34.75,65.95,34.650000000000006,65.95,34.55,65.95,34.45,65.95,34.35,65.95,34.25,65.95,34.150000000000006,65.95,34.05,65.95,33.95,65.95,33.85,65.95,33.75,65.95,33.650000000000006,65.95,33.55,65.95,33.45,65.95,33.35,65.95,33.25,65.95,33.150000000000006,65.95,33.05,65.95,32.95,65.95,32.85,65.95,32.75,65.95,32.650000000000006,65.95,32.55,65.95,32.45,65.95,32.35,65.95,32.25,65.95,32.150000000000006,65.95,32.05,65.95,31.950000000000003,65.95,31.85,65.95,31.75,65.95,31.650000000000002,65.95,31.55,65.95,31.450000000000003,65.95,31.35,65.95,31.25,65.95,31.150000000000002,65.95,31.05,65.95,30.950000000000003,65.95,30.85,65.95,30.75,65.95,30.650000000000002,65.95,30.55,65.95,30.450000000000003,65.95,30.35,65.95,30.25,65.95,30.150000000000002,65.95,30.05,65.95,29.950000000000003,65.95,29.85,65.95,29.75,65.95,29.650000000000002,65.95,29.55,65.95,29.450000000000003,65.95,29.35,65.95,29.25,65.95,29.150000000000002,65.95,29.05,65.95,28.950000000000003,65.95,28.85,65.95
17.6,34.75,65.95,34.65,65.95,34.55,65.95,34.45,65.95,34.35,65.95,34.25,65.95,34.15,65.95,34.05,65.95,33.95,65.95,33.85,65.95,33.75,65.95,33.65,65.95,33.55,65.95,33.45,65.95,33.35,65.95,33.25,65.95,33.15,65.95,33.05,65.95,32.95,65.95,32.85,65.95,32.75,65.95,32.65,65.95,32.55,65.95,32.45,65.95,32.35,65.95,32.25,65.95,32.15,65.95,32.05,65.95,31.95,65.95,31.85,65.95,31.75,65.95,31.65,65.95,31.55,65.95,31.45,65.95,31.35,65.95,31.25,65.95,31.15,65.95,31.05,65.95,30.95,65.95,30.85,65.95,30.75,65.95,30.65,65.95,30.55,65.95,30.45,65.95,30.35,65.95,30.25,65.95,30.15,65.95,30.05,65.95,29.95,65.95,29.85,65.95,29.75,65.95,29.65,65.95,29.55,65.95,29.45,65.95,29.35,65.95,29.25,65.95,29.15,65.95,29.05,65.95,28.95,65.95,28.85,65.95,28.75,65.95
17.7,34.650000000000006,65.95,34.55,65.95,34.45,65.95,34.35,65.95,34.25,65.95,34.150000000000006,65.95,34.05,65.95,33.95,65.95,33.85,65.95,33.75,65.95,33.650000000000006,65.95,33.55,65.95,33.45,65.95,33.35,65.95,33.25,65.95,33.150000000000006,65.95,33.05,65.95,32.95,65.95,32.85,65.95,32.75,65.95,32.650000000000006,65.95,32.55,65.95,32.45,65.95,32.35,65.95,32.25,65.95,32.150000000000006,65.95,32.05,65.95,31.950000000000003,65.95,31.85,65.95,31.75,65.95,31.650000000000002,65.95,31.55,65.95,31.450000000000003,65.95,31.35,65.95,31.25,65.95,31.150000000000002,65.95,31.05,65.95,30.950000000000003,65.95,30.85,65.95,30.75,65.95,30.650000000000002,65.95,30.55,65.95,30.450000000000003,65.95,30.35,65.95,30.25,65.95,30.150000000000002,65.95,30.05,65.95,29.950000000000003,65.95,29.85,65.95,29.75,65.95,29.650000000000002,65.95,29.55,65.95,29.450000000000003,65.95,29.35,65.95,29.25,65.95,29.150000000000002,65.95,29.05,65.95,28.950000000000003,65.95,28.85,65.95,28.75,65.95,28.650000000000002,65.95
17.8,34.55,65.95,34.45,65.95,34.35,65.95,34.25,65.95,34.150000000000006,65.95,34.05,65.95,33.95,65.95,33.85,65.95,33.75,65.95,33.650000000000006,65.95,33.55,65.95,33.45,65.95,33.35,65.95,33.25,65.95,33.150000000000006,65.95,33.05,65.95,32.95,65.95,32.85,65.95,32.75,65.95,32.650000000000006,65.95,32.55,65.95,32.45,65.95,32.35,65.95,32.25,65.95,32.15,65.95,32.05,65.95,31.95,65.95,31.85,65.95,31.75,65.95,31.65,65.95,31.55,65.95,31.45,65.95,31.35,65.95,31.25,65.95,31.15,65.95,31.05,65.95,30.95,65.95,30.85,65.95,30.75,65.95,30.65,65.95,30.55,65.95,30.45,65.95,30.35,65.95,30.25,65.95,30.15,65.95,30.05,65.95,29.95,65.95,29.85,65.95,29.75,65.95,29.65,65.95,29.55,65.95,29.45,65.95,29.35,65.95,29.25,65.95,29.15,65.95,29.05,65.95,28.95,65.95,28.85,65.95,28.75,65.95,28.65,65.95,28.55,65.95
17.900000000000002,34.45,65.95,34.349999999999994,65.95,34.25,65.95,34.15,65.95,34.05,65.95,33.95,65.95,33.849999999999994,65.95,33.75,65.95,33.65,65.95,33.55,65.95,33.45,65.95,33.349999999999994,65.95,33.25,65.95,33.15,65.95,33.05,65.95,32.95,65.95,32.849999999999994,65.95,32.75,65.95,32.65,65.95,32.55,65.95,32.45,65.95,32.349999999999994,65.95,32.25,65.95,32.15,65.95,32.05,65.95,31.95,65.95,31.849999999999998,65.95,31.75,65.95,31.65,65.95,31.549999999999997,65.95,31.45,65.95,31.349999999999998,65.95,31.25,65.95,31.15,65.95,31.049999999999997,65.95,30.95,65.95,30.849999999999998,65.95,30.75,65.95,30.65,65.95,30.549999999999997,65.95,30.45,65.95,30.349999999999998,65.95,30.25,65.95,30.15,65.95,30.049999999999997,65.95,29.95,65.95,29.849999999999998,65.95,29.75,65.95,29.65,65.95,29.549999999999997,65.95,29.45,65.95,29.349999999999998,65.95,29.25,65.95,29.15,65.95,29.049999999999997,65.95,28.95,65.95,28.849999999999998,65.95,28.75,65.95,28.65,65.95,28.549999999999997,65.95,28.45,65.95
18.0,34.35,65.95,34.25,65.95,34.150000000000006,65.95,34.05,65.95,33.95,65.95,33.85,65.95,33.75,65.95,33.650000000000006,65.95,33.55,65.95,33.45,65.95,33.35,65.95,33.25,65.95,33.150000000000006,65.95,33.05,65.95,32.95,65.95,32.85,65.95,32.75,65.95,32.650000000000006,65.95,32.55,65.95,32.45,65.95,32.35,65.95,32.25,65.95,32.150000000000006,65.95,32.05,65.95,31.950000000000003,65.95,31.85,65.95,31.75,65.95,31.650000000000002,65.95,31.55,65.95,31.450000000000003,65.95,31.35,65.95,31.25,65.95,31.150000000000002,65.95,31.05,65.95,30.950000000000003,65.95,30.85,65.95,30.75,65.95,30.650000000000002,65.95,30.55,65.95,30.450000000000003,65.95,30.35,65.95,30.25,65.95,30.150000000000002,65.95,30.05,65.95,29.950000000000003,65.95,29.85,65.95,29.75,65.95,29.650000000000002,65.95,29.55,65.95,29.450000000000003,65.95,29.35,65.95,29.25,65.95,29.150000000000002,65.95,29.05,65.95,28.950000000000003,65.95,28.85,65.95,28.75,65.95,28.650000000000002,65.95,28.55,65.95,28.450000000000003,65.95,28.35,65.95
18.1,34.25,65.95,34.15,65.95,34.05,65.95,33.95,65.95,33.85,65.95,33.75,65.95,33.65,65.95,33.55,65.95,33.45,65.95,33.35,65.95,33.25,65.95,33.15,65.95,33.05,65.95,32.95,65.95,32.85,65.95,32.75,65.95,32.65,65.95,32.55,65.95,32.45,65.95,32.35,65.95,32.25,65.95,32.15,65.95,32.05,65.95,31.95,65.95,31.85,65.95,31.75,65.95,31.65,65.95,31.55,65.95,31.45,65.95,31.35,65.95,31.25,65.95,31.15,65.95,31.05,65.95,30.95,65.95,30.85,65.95,30.75,65.95,30.65,65.95,30.55,65.95,30.45,65.95,30.35,65.95,30.25,65.95,30.15,65.95,30.05,65.95,29.95,65.95,29.85,65.95,29.75,65.95,29.65,65.95,29.55,65.95,29.45,65.95,29.35,65.95,29.25,65.95,29.15,65.95,29.05,65.95,28.95,65.95,28.85,65.95,28.75,65.95,28.65,65.95,28.55,65.95,28.45,65.95,28.35,65.95,28.25,65.95
18.2,34.150000000000006,65.95,34.05,65.95,33.95,65.95,33.85,65.95,33.75,65.95,33.650000000000006,65.95,33.55,65.95,33.45,65.95,33.35,65.95,33.25,65.95,33.150000000000006,65.95,33.05,65.95,32.95,65.95,32.85,65.95,32.75,65.95,32.650000000000006,65.95,32.55,65.95,32.45,65.95,32.35,65.95,32.25,65.95,32.150000000000006,65.95,32.05,65.95,31.950000000000003,65.95,31.85,65.95,31.75,65.95,31.650000000000002,65.95,31.55,65.95,31.450000000000003,65.95,31.35,65.95,31.25,65.95,31.150000000000002,65.95,31.05,65.95,30.950000000000003,65.95,30.85,65.95,30.75,65.95,30.650000000000002,65.95,30.55,65.95,30.450000000000003,65.95,30.35,65.95,30.25,65.95,30.150000000000002,65.95,30.05,65.95,29.950000000000003,65.95,29.85,65.95,29.75,65.95,29.650000000000002,65.95,29.55,65.95,29.450000000000003,65.95,29.35,65.95,29.25,65.95,29.150000000000002,65.95,29.05,65.95,28.950000000000003,65.95,28.85,65.95,28.75,65.95,28.650000000000002,65.95,28.55,65.95,28.450000000000003,65.95,28.35,65.95,28.25,65.95,28.150000000000002,65.95
18.3,34.05,65.95,33.95,65.95,33.85,65.95,33.75,65.95,33.650000000000006,65.95,33.55,65.95,33.45,65.95,33.35,65.95,33.25,65.95,33.150000000000006,65.95,33.05,65.95,32.95,65.95,32.85,65.95,32.75,65.95,32.650000000000006,65.95,32.55,65.95,32.45,65.95,32.35,65.95,32.25,65.95,32.150000000000006,65.95,32.05,65.95,31.95,65.95,31.85,65.95,31.75,65.95,31.65,65.95,31.55,65.95,31.45,65.95,31.35,65.95,31.25,65.95,31.15,65.95,31.05,65.95,30.95,65.95,30.85,65.95,30.75,65.95,30.65,65.95,30.55,65.95,30.45,65.95,30.35,65.95,30.25,65.95,30.15,65.95,30.05,65.95,29.95,65.95,29.85,65.95,29.75,65.95,29.65,65.95,29.55,65.95,29.45,65.95,29.35,65.95,29.25,65.95,29.15,65.95,29.05,65.95,28.95,65.95,28.85,65.95,28.75,65.95,28.65,65.95,28.55,65.95,28.45,65.95,28.35,65.95,28.25,65.95,28.15,65.95,28.05,65.95
18.400000000000002,33.95,65.95,33.849999999999994,65.95,33.75,65.95,33.65,65.95,33.55,65.95,33.45,65.95,33.349999999999994,65.95,33.25,65.95,33.15,65.95,33.05,65.95,32.95,65.95,32.849999999999994,65.95,32.75,65.95,32.65,65.95,32.55,65.95,32.45,65.95,32.349999999999994,65.95,32.25,65.95,32.15,65.95,32.05,65.95,31.95,65.95,31.849999999999998,65.95,31.75,65.95,31.65,65.95,31.549999999999997,65.95,31.45,65.95,31.349999999999998,65.95,31.25,65.95,31.15,65.95,31.049999999999997,65.95,30.95,65.95,30.849999999999998,65.95,30.75,65.95,30.65,65.95,30.549999999999997,65.95,30.45,65.95,30.349999999999998,65.95,30.25,65.95,30.15,65.95,30.049999999999997,65.95,29.95,65.95,29.849999999999998,65.95,29.75,65.95,29.65,65.95,29.549999999999997,65.95,29.45,65.95,29.349999999999998,65.95,29.25,65.95,29.15,65.95,29.049999999999997,65.95,28.95,65.95,28.849999999999998,65.95,28.75,65.95,28.65,65.95,28.549999999999997,65.95,28.45,65.95,28.349999999999998,65.95,28.25,65.95,28.15,65.95,28.049999999999997,65.95,27.95,65.95
18.5,33.85,65.95,33.75,65.95,33.650000000000006,65.95,33.55,65.95,33.45,65.95,33.35,65.95,33.25,65.95,33.150000000000006,65.95,33.05,65.95,32.95,65.95,32.85,65.95,32.75,65.95,32.650000000000006,65.95,32.55,65.95,32.45,65.95,32.35,65.95,32.25,65.95,32.150000000000006,65.95,32.05,65.95,31.950000000000003,65.95,31.85,65.95,31.75,65.95,31.650000000000002,65.95,31.55,65.95,31.450000000000003,65.95,31.35,65.95,31.25,65.95,31.150000000000002,65.95,31.05,65.95,30.950000000000003,65.95,30.85,65.95,30.75,65.95,30.650000000000002,65.95,30.55,65.95,30.450000000000003,65.95,30.35,65.95,30.25,65.95,30.150000000000002,65.95,30.05,65.95,29.950000000000003,65.95,29.85,65.95,29.75,65.95,29.650000000000002,65.95,29.55,65.95,29.450000000000003,65.95,29.35,65.95,29.25,65.95,29.150000000000002,65.95,29.05,65.95,28.950000000000003,65.95,28.85,65.95,28.75,65.95,28.650000000000002,65.95,28.55,65.95,28.450000000000003,65.95,28.35,65.95,28.25,65.95,28.150000000000002,65.95,28.05,65.95,27.950000000000003,65.95,27.85,65.95
18.6,33.75,65.95,33.65,65.95,33.55,65.95,33.45,65.95,33.35,65.95,33.25,65.95,33.15,65.95,33.05,65.95,32.95,65.95,32.85,65.95,32.75,65.95,32.65,65.95,32.55,65.95,32.45,65.95,32.35,65.95,32.25,65.95,32.15,65.95,32.05,65.95,31.95,65.95,31.85,65.95,31.75,65.95,31.65,65.95,31.55,65.95,31.45,65.95,31.35,65.95,31.25,65.95,31.15,65.95,31.05,65.95,30.95,65.95,30.85,65.95,30.75,65.95,30.65,65.95,30.55,65.95,30.45,65.95,30.35,65.95,30.25,65.95,30.15,65.95,30.05,65.95,29.95,65.95,29.85,65.95,29.75,65.95,29.65,65.95,29.55,65.95,29.45,65.95,29.35,65.95,29.25,65.95,29.15,65.95,29.05,65.95,28.95,65.95,28.85,65.95,28.75,65.95,28.65,65.95,28.55,65.95,28.45,65.95,28.35,65.95,28.25,65.95,28.15,65.95,28.05,65.95,27.95,65.95,27.85,65.95,27.75,65.95
18.7,33.650000000000006,65.95,33.55,65.95,33.45,65.95,33.35,65.95,33.25,65.95,33.150000000000006,65.95,33.05,65.95,32.95,65.95,32.85,65.95,32.75,65.95,32.650000000000006,65.95,32.55,65.95,32.45,65.95,32.35,65.95,32.25,65.95,32.150000000000006,65.95,32.05,65.95,31.950000000000003,65.95,31.85,65.95,31.750000000000004,65.95,31.650000000000002,65.95,31.55,65.95,31.450000000000003,65.95,31.35,65.95,31.25,65.95,31.150000000000002,65.95,31.05,65.95,30.950000000000003,65.95,30.85,65.95,30.75,65.95,30.650000000000002,65.95,30.55,65.95,30.450000000000003,65.95,30.35,65.95,30.25,65.95,30.150000000000002,65.95,30.05,65.95,29.950000000000003,65.95,29.85,65.95,29.75,65.95,29.650000000000002,65.95,29.55,65.95,29.450000000000003,65.95,29.35,65.95,29.25,65.95,29.150000000000002,65.95,29.05,65.95,28.950000000000003,65.95,28.85,65.95,28.75,65.95,28.650000000000002,65.95,28.55,65.95,28.450000000000003,65.95,28.35,65.95,28.25,65.95,28.150000000000002,65.95,28.05,65.95,27.950000000000003,65.95,27.85,65.95,27.75,65.95,27.650000000000002,65.95
18.8,33.55,65.95,33.45,65.95,33.35,65.95,33.25,65.95,33.150000000000006,65.95,33.05,65.95,32.95,65.95,32.85,65.95,32.75,65.95,32.650000000000006,65.95,32.55,65.95,32.45,65.95,32.35,65.95,32.25,65.95,32.150000000000006,65.95,32.05,65.95,31.95,65.95,31.85,65.95,31.75,65.95,31.650000000000002,65.95,31.55,65.95,31.45,65.95,31.35,65.95,31.25,65.95,31.15,65.95,31.05,65.95,30.95,65.95,30.85,65.95,30.75,65.95,30.65,65.95,30.55,65.95,30.45,65.95,30.35,65.95,30.25,65.95,30.15,65.95,30.05,65.95,29.95,65.95,29.85,65.95,29.75,65.95,29.65,65.95,29.55,65.95,29.45,65.95,29.35,65.95,29.25,65.95,29.15,65.95,29.05,65.95,28.95,65.95,28.85,65.95,28.75,65.95,28.65,65.95,28.55,65.95,28.45,65.95,28.35,65.95,28.25,65.95,28.15,65.95,28.05,65.95,27.95,65.95,27.85,65.95,27.75,65.95,27.65,65.95,27.55,65.95
18.900000000000002,33.45,65.95,33.349999999999994,65.95,33.25,65.95,33.15,65.95,33.05,65.95,32.95,65.95,32.849999999999994,65.95,32.75,65.95,32.65,65.95,32.55,65.95,32.45,65.95,32.349999999999994,65.95,32.25,65.95,32.15,65.95,32.05,65.95,31.95,65.95,31.849999999999998,65.95,31.75,65.95,31.65,65.95,31.55,65.95,31.45,65.95,31.349999999999998,65.95,31.25,65.95,31.15,65.95,31.049999999999997,65.95,30.95,65.95,30.849999999999998,65.95,30.75,65.95,30.65,65.95,30.549999999999997,65.95,30.45,65.95,30.349999999999998,65.95,30.25,65.95,30.15,65.95,30.049999999999997,65.95,29.95,65.95,29.849999999999998,65.95,29.75,65.95,29.65,65.95,29.549999999999997,65.95,29.45,65.95,29.349999999999998,65.95,29.25,65.95,29.15,65.95,29.049999999999997,65.95,28.95,65.95,28.849999999999998,65.95,28.75,65.95,28.65,65.95,28.549999999999997,65.95,28.45,65.95,28.349999999999998,65.95,28.25,65.95,28.15,65.95,28.049999999999997,65.95,27.95,65.95,27.849999999999998,65.95,27.75,65.95,27.65,65.95,27.549999999999997,65.95,27.45,65.95
19.0,33.35,65.95,33.25,65.95,33.150000000000006,65.95,33.05,65.95,32.95,65.95,32.85,65.95,32.75,65.95,32.650000000000006,65.95,32.55,65.95,32.45,65.95,32.35,65.95,32.25,65.95,32.150000000000006,65.95,32.05,65.95,31.950000000000003,65.95,31.85,65.95,31.75,65.95,31.650000000000002,65.95,31.55,65.95,31.450000000000003,65.95,31.35,65.95,31.25,65.95,31.150000000000002,65.95,31.05,65.95,30.950000000000003,65.95,30.85,65.95,30.75,65.95,30.650000000000002,65.95,30.55,65.95,30.450000000000003,65.95,30.35,65.95,30.25,65.95,30.150000000000002,65.95,30.05,65.95,29.950000000000003,65.95,29.85,65.95,29.75,65.95,29.650000000000002,65.95,29.55,65.95,29.450000000000003,65.95,29.35,65.95,29.25,65.95,29.150000000000002,65.95,29.05,65.95,28.950000000000003,65.95,28.85,65.95,28.75,65.95,28.650000000000002,65.95,28.55,65.95,28.450000000000003,65.95,28.35,65.95,28.25,65.95,28.150000000000002,65.95,28.05,65.95,27.950000000000003,65.95,27.85,65.95,27.75,65.95,27.650000000000002,65.95,27.55,65.95,27.450000000000003,65.95,27.35,65.95
19.1,33.25,65.95,33.15,65.95,33.05,65.95,32.95,65.95,32.85,65.95,32.75,65.95,32.65,65.95,32.55,65.95,32.45,65.95,32.35,65.95,32.25,65.95,32.15,65.95,32.05,65.95,31.95,65.95,31.85,65.95,31.75,65.95,31.65,65.95,31.55,65.95,31.45,65.95,31.35,65.95,31.25,65.95,31.15,65.95,31.05,65.95,30.95,65.95,30.85,65.95,30.75,65.95,30.65,65.95,30.55,65.95,30.45,65.95,30.35,65.95,30.25,65.95,30.15,65.95,30.05,65.95,29.95,65.95,29.85,65.95,29.75,65.95,29.65,65.95,29.55,65.95,29.45,65.95,29.35,65.95,29.25,65.95,29.15,65.95,29.05,65.95,28.95,65.95,28.85,65.95,28.75,65.95,28.65,65.95,28.55,65.95,28.45,65.95,28.35,65.95,28.25,65.95,28.15,65.95,28.05,65.95,27.95,65.95,27.85,65.95,27.75,65.95,27.65,65.95,27.55,65.95,27.45,65.95,27.35,65.95,27.25,65.95
19.200000000000003,33.15,65.95,33.05,65.95,32.95,65.95,32.849999999999994,65.95,32.75,65.95,32.65,65.95,32.55,65.95,32.45,65.95,32.349999999999994,65.95,32.25,65.95,32.15,65.95,32.05,65.95,31.95,65.95,31.849999999999998,65.95,31.75,65.95,31.65,65.95,31.549999999999997,65.95,31.45,65.95,31.349999999999998,65.95,31.25,65.95,31.15,65.95,31.049999999999997,65.95,30.95,65.95,30.849999999999998,65.95,30.75,65.95,30.65,65.95,30.549999999999997,65.95,30.45,65.95,30.349999999999998,65.95,30.25,65.95,30.15,65.95,30.049999999999997,65.95,29.95,65.95,29.849999999999998,65.95,29.75,65.95,29.65,65.95,29.549999999999997,65.95,29.45,65.95,29.349999999999998,65.95,29.25,65.95,29.15,65.95,29.049999999999997,65.95,28.95,65.95,28.849999999999998,65.95,28.75,65.95,28.65,65.95,28.549999999999997,65.95,28.45,65.95,28.349999999999998,65.95,28.25,65.95,28.15,65.95,28.049999999999997,65.95,27.95,65.95,27.849999999999998,65.95,27.75,65.95,27.65,65.95,27.549999999999997,65.95,27.45,65.95,27.349999999999998,65.95,27.25,65.95,27.15,65.95
19.3,33.05,65.95,32.95,65.95,32.85,65.95,32.75,65.95,32.650000000000006,65.95,32.55,65.95,32.45,65.95,32.35,65.95,32.25,65.95,32.150000000000006,65.95,32.05,65.95,31.95,65.95,31.85,65.95,31.75,65.95,31.650000000000002,65.95,31.55,65.95,31.45,65.95,31.35,65.95,31.25,65.95,31.150000000000002,65.95,31.05,65.95,30.95,65.95,30.85,65.95,30.75,65.95,30.65,65.95,30.55,65.95,30.45,65.95,30.35,65.95,30.25,65.95,30.15,65.95,30.05,65.95,29.95,65.95,29.85,65.95,29.75,65.95,29.65,65.95,29.55,65.95,29.45,65.95,29.35,65.95,29.25,65.95,29.15,65.95,29.05,65.95,28.95,65.95,28.85,65.95,28.75,65.95,28.65,65.95,28.55,65.95,28.45,65.95,28.35,65.95,28.25,65.95,28.15,65.95,28.05,65.95,27.95,65.95,27.85,65.95,27.75,65.95,27.65,65.95,27.55,65.95,27.45,65.95,27.35,65.95,27.25,65.95,27.15,65.95,27.05,65.95
19.400000000000002,32.95,65.95,32.849999999999994,65.95,32.75,65.95,32.65,65.95,32.55,65.95,32.45,65.95,32.349999999999994,65.95,32.25,65.95,32.15,65.95,32.05,65.95,31.95,65.95,31.849999999999998,65.95,31.75,65.95,31.65,65.95,31.55,65.95,31.45,65.95,31.349999999999998,65.95,31.25,65.95,31.15,65.95,31.05,65.95,30.95,65.95,30.849999999999998,65.95,30.75,65.95,30.65,65.95,30.549999999999997,65.95,30.45,65.95,30.349999999999998,65.95,30.25,65.95,30.15,65.95,30.049999999999997,65.95,29.95,65.95,29.849999999999998,65.95,29.75,65.95,29.65,65.95,29.549999999999997,65.95,29.45,65.95,29.349999999999998,65.95,29.25,65.95,29.15,65.95,29.049999999999997,65.95,28.95,65.95,28.849999999999998,65.95,28.75,65.95,28.65,65.95,28.549999999999997,65.95,28.45,65.95,28.349999999999998,65.95,28.25,65.95,28.15,65.95,28.049999999999997,65.95,27.95,65.95,27.849999999999998,65.95,27.75,65.95,27.65,65.95,27.549999999999997,65.95,27.45,65.95,27.349999999999998,65.95,27.25,65.95,27.15,65.95,27.049999999999997,65.95,26.95,65.95
19.5,32.85,65.95,32.75,65.95,32.650000000000006,65.95,32.55,65.95,32.45,65.95,32.35,65.95,32.25,65.95,32.150000000000006,65.95,32.05,65.95,31.950000000000003,65.95,31.85,65.95,31.75,65.95,31.650000000000002,65.95,31.55,65.95,31.450000000000003,65.95,31.35,65.95,31.25,65.95,31.150000000000002,65.95,31.05,65.95,30.950000000000003,65.95,30.85,65.95,30.75,65.95,30.650000000000002,65.95,30.55,65.95,30.450000000000003,65.95,30.35,65.95,30.25,65.95,30.150000000000002,65.95,30.05,65.95,29.950000000000003,65.95,29.85,65.95,29.75,65.95,29.650000000000002,65.95,29.55,65.95,29.450000000000003,65.95,29.35,65.95,29.25,65.95,29.150000000000002,65.95,29.05,65.95,28.950000000000003,65.95,28.85,65.95,28.75,65.95,28.650000000000002,65.95,28.55,65.95,28.450000000000003,65.95,28.35,65.95,28.25,65.95,28.150000000000002,65.95,28.05,65.95,27.950000000000003,65.95,27.85,65.95,27.75,65.95,27.650000000000002,65.95,27.55,65.95,27.450000000000003,65.95,27.35,65.95,27.25,65.95,27.150000000000002,65.95,27.05,65.95,26.950000000000003,65.95,26.85,65.95
19.6,32.75,65.95,32.65,65.95,32.55,65.95,32.45,65.95,32.35,65.95,32.25,65.95,32.15,65.95,32.05,65.95,31.95,65.95,31.85,65.95,31.75,65.95,31.65,65.95,31.55,65.95,31.45,65.95,31.35,65.95,31.25,65.95,31.15,65.95,31.05,65.95,30.95,65.95,30.85,65.95,30.75,65.95,30.65,65.95,30.55,65.95,30.45,65.95,30.35,65.95,30.25,65.95,30.15,65.95,30.05,65.95,29.95,65.95,29.85,65.95,29.75,65.95,29.65,65.95,29.55,65.95,29.45,65.95,29.35,65.95,29.25,65.95,29.15,65.95,29.05,65.95,28.95,65.95,28.85,65.95,28.75,65.95,28.65,65.95,28.55,65.95,28.45,65.95,28.35,65.95,28.25,65.95,28.15,65.95,28.05,65.95,27.95,65.95,27.85,65.95,27.75,65.95,27.65,65.95,27.55,65.95,27.45,65.95,27.35,65.95,27.25,65.95,27.15,65.95,27.05,65.95,26.95,65.95,26.85,65.95,26.75,65.95
19.700000000000003,32.65,65.95,32.55,65.95,32.45,65.95,32.349999999999994,65.95,32.25,65.95,32.15,65.95,32.05,65.95,31.95,65.95,31.849999999999998,65.95,31.75,65.95,31.65,65.95,31.549999999999997,65.95,31.45,65.95,31.349999999999998,65.95,31.25,65.95,31.15,65.95,31.049999999999997,65.95,30.95,65.95,30.849999999999998,65.95,30.75,65.95,30.65,65.95,30.549999999999997,65.95,30.45,65.95,30.349999999999998,65.95,30.25,65.95,30.15,65.95,30.049999999999997,65.95,29.95,65.95,29.849999999999998,65.95,29.75,65.95,29.65,65.95,29.549999999999997,65.95,29.45,65.95,29.349999999999998,65.95,29.25,65.95,29.15,65.95,29.049999999999997,65.95,28.95,65.95,28.849999999999998,65.95,28.75,65.95,28.65,65.95,28.549999999999997,65.95,28.45,65.95,28.349999999999998,65.95,28.25,65.95,28.15,65.95,28.049999999999997,65.95,27.95,65.95,27.849999999999998,65.95,27.75,65.95,27.65,65.95,27.549999999999997,65.95,27.45,65.95,27.349999999999998,65.95,27.25,65.95,27.15,65.95,27.049999999999997,65.95,26.95,65.95,26.849999999999998,65.95,26.75,65.95,26.65,65.95
19.8,32.55,65.95,32.45,65.95,32.35,65.95,32.25,65.95,32.150000000000006,65.95,32.05,65.95,31.95,65.95,31.85,65.95,31.75,65.95,31.650000000000002,65.95,31.55,65.95,31.45,65.95,31.35,65.95,31.25,65.95,31.150000000000002,65.95,31.05,65.95,30.95,65.95,30.85,65.95,30.75,65.95,30.650000000000002,65.95,30.55,65.95,30.45,65.95,30.35,65.95,30.25,65.95,30.15,65.95,30.05,65.95,29.95,65.95,29.85,65.95,29.75,65.95,29.65,65.95,29.55,65.95,29.45,65.95,29.35,65.95,29.25,65.95,29.15,65.95,29.05,65.95,28.95,65.95,28.85,65.95,28.75,65.95,28.65,65.95,28.55,65.95,28.45,65.95,28.35,65.95,28.25,65.95,28.15,65.95,28.05,65.95,27.95,65.95,27.85,65.95,27.75,65.95,27.65,65.95,27.55,65.95,27.45,65.95,27.35,65.95,27.25,65.95,27.15,65.95,27.05,65.95,26.95,65.95,26.85,65.95,26.75,65.95,26.65,65.95,26.55,65.95
19.900000000000002,32.45,65.95,32.349999999999994,65.95,32.25,65.95,32.15,65.95,32.05,65.95,31.95,65.95,31.849999999999998,65.95,31.75,65.95,31.65,65.95,31.55,65.95,31.45,65.95,31.349999999999998,65.95,31.25,65.95,31.15,65.95,31.05,65.95,30.95,65.95,30.849999999999998,65.95,30.75,65.95,30.65,65.95,30.55,65.95,30.45,65.95,30.349999999999998,65.95,30.25,65.95,30.15,65.95,30.049999999999997,65.95,29.95,65.95,29.849999999999998,65.95,29.75,65.95,29.65,65.95,29.549999999999997,65.95,29.45,65.95,29.349999999999998,65.95,29.25,65.95,29.15,65.95,29.049999999999997,65.95,28.95,65.95,28.849999999999998,65.95,28.75,65.95,28.65,65.95,28.549999999999997,65.95,28.45,65.95,28.349999999999998,65.95,28.25,65.95,28.15,65.95,28.049999999999997,65.95,27.95,65.95,27.849999999999998,65.95,27.75,65.95,27.65,65.95,27.549999999999997,65.95,27.45,65.95,27.349999999999998,65.95,27.25,65.95,27.15,65.95,27.049999999999997,65.95,26.95,65.95,26.849999999999998,65.95,26.75,65.95,26.65,65.95,26.549999999999997,65.95,26.45,65.95
20.0,32.35,65.95,32.25,65.95,32.150000000000006,65.95,32.05,65.95,31.950000000000003,65.95,31.85,65.95,31.75,65.95,31.650000000000002,65.95,31.55,65.95,31.450000000000003,65.95,31.35,65.95,31.25,65.95,31.150000000000002,65.95,31.05,65.95,30.950000000000003,65.95,30.85,65.95,30.75,65.95,30.650000000000002,65.95,30.55,65.95,30.450000000000003,65.95,30.35,65.95,30.25,65.95,30.150000000000002,65.95,30.05,65.95,29.950000000000003,65.95,29.85,65.95,29.75,65.95,29.650000000000002,65.95,29.55,65.95,29.450000000000003,65.95,29.35,65.95,29.25,65.95,29.150000000000002,65.95,29.05,65.95,28.950000000000003,65.95,28.85,65.95,28.75,65.95,28.650000000000002,65.95,28.55,65.95,28.450000000000003,65.95,28.35,65.95,28.25,65.95,28.150000000000002,65.95,28.05,65.95,27.950000000000003,65.95,27.85,65.95,27.75,65.95,27.650000000000002,65.95,27.55,65.95,27.450000000000003,65.95,27.35,65.95,27.25,65.95,27.150000000000002,65.95,27.05,65.95,26.950000000000003,65.95,26.85,65.95,26.75,65.95,26.650000000000002,65.95,26.55,65.95,26.450000000000003,65.95,26.35,65.95
20.1,32.25,65.95,32.15,65.95,32.05,65.95,31.95,65.95,31.85,65.95,31.75,65.95,31.65,65.95,31.55,65.95,31.45,65.95,31.35,65.95,31.25,65.95,31.15,65.95,31.05,65.95,30.95,65.95,30.85,65.95,30.75,65.95,30.65,65.95,30.55,65.95,30.45,65.95,30.35,65.95,30.25,65.95,30.15,65.95,30.05,65.95,29.95,65.95,29.85,65.95,29.75,65.95,29.65,65.95,29.55,65.95,29.45,65.95,29.35,65.95,29.25,65.95,29.15,65.95,29.05,65.95,28.95,65.95,28.85,65.95,28.75,65.95,28.65,65.95,28.55,65.95,28.45,65.95,28.35,65.95,28.25,65.95,28.15,65.95,28.05,65.95,27.95,65.95,27.85,65.95,27.75,65.95,27.65,65.95,27.55,65.95,27.45,65.95,27.35,65.95,27.25,65.95,27.15,65.95,27.05,65.95,26.95,65.95,26.85,65.95,26.75,65.95,26.65,65.95,26.55,65.95,26.45,65.95,26.35,65.95,26.25,65.95
20.200000000000003,32.15,65.95,32.05,65.95,31.95,65.95,31.849999999999998,65.95,31.75,65.95,31.65,65.95,31.549999999999997,65.95,31.45,65.95,31.349999999999998,65.95,31.25,65.95,31.15,65.95,31.049999999999997,65.95,30.95,65.95,30.849999999999998,65.95,30.75,65.95,30.65,65.95,30.549999999999997,65.95,30.45,65.95,30.349999999999998,65.95,30.25,65.95,30.15,65.95,30.049999999999997,65.95,29.95,65.95,29.849999999999998,65.95,29.75,65.95,29.65,65.95,29.549999999999997,65.95,29.45,65.95,29.349999999999998,65.95,29.25,65.95,29.15,65.95,29.049999999999997,65.95,28.95,65.95,28.849999999999998,65.95,28.75,65.95,28.65,65.95,28.549999999999997,65.95,28.45,65.95,28.349999999999998,65.95,28.25,65.95,28.15,65.95,28.049999999999997,65.95,27.95,65.95,27.849999999999998,65.95,27.75,65.95,27.65,65.95,27.549999999999997,65.95,27.45,65.95,27.349999999999998,65.95,27.25,65.95,27.15,65.95,27.049999999999997,65.95,26.95,65.95,26.849999999999998,65.95,26.75,65.95,26.65,65.95,26.549999999999997,65.95,26.45,65.95,26.349999999999998,65.95,26.25,65.95,26.15,65.95
20.3,32.05,65.95,31.95,65.95,31.85,65.95,31.75,65.95,31.650000000000002,65.95,31.55,65.95,31.45,65.95,31.35,65.95,31.25,65.95,31.150000000000002,65.95,31.05,65.95,30.95,65.95,30.85,65.95,30.75,65.95,30.650000000000002,65.95,30.55,65.95,30.45,65.95,30.35,65.95,30.25,65.95,30.150000000000002,65.95,30.05,65.95,29.95,65.95,29.85,65.95,29.75,65.95,29.65,65.95,29.55,65.95,29.45,65.95,29.35,65.95,29.25,65.95,29.15,65.95,29.05,65.95,28.95,65.95,28.85,65.95,28.75,65.95,28.65,65.95,28.55,65.95,28.45,65.95,28.35,65.95,28.25,65.95,28.15,65.95,28.05,65.95,27.95,65.95,27.85,65.95,27.75,65.95,27.65,65.95,27.55,65.95,27.45,65.95,27.35,65.95,27.25,65.95,27.15,65.95,27.05,65.95,26.95,65.95,26.85,65.95,26.75,65.95,26.65,65.95,26.55,65.95,26.45,65.95,26.35,65.95,26.25,65.95,26.15,65.95,26.05,65.95
20.400000000000002,31.95,65.95,31.849999999999998,65.95,31.75,65.95,31.65,65.95,31.55,65.95,31.45,65.95,31.349999999999998,65.95,31.25,65.95,31.15,65.95,31.05,65.95,30.95,65.95,30.849999999999998,65.95,30.75,65.95,30.65,65.95,30.55,65.95,30.45,65.95,30.349999999999998,65.95,30.25,65.95,30.15,65.95,30.05,65.95,29.95,65.95,29.849999999999998,65.95,29.75,65.95,29.65,65.95,29.549999999999997,65.95,29.45,65.95,29.349999999999998,65.95,29.25,65.95,29.15,65.95,29.049999999999997,65.95,28.95,65.95,28.849999999999998,65.95,28.75,65.95,28.65,65.95,28.549999999999997,65.95,28.45,65.95,28.349999999999998,65.95,28.25,65.95,28.15,65.95,28.049999999999997,65.95,27.95,65.95,27.849999999999998,65.95,27.75,65.95,27.65,65.95,27.549999999999997,65.95,27.45,65.95,27.349999999999998,65.95,27.25,65.95,27.15,65.95,27.049999999999997,65.95,26.95,65.95,26.849999999999998,65.95,26.75,65.95,26.65,65.95,26.549999999999997,65.95,26.45,65.95,26.349999999999998,65.95,26.25,65.95,26.15,65.95,26.049999999999997,65.95,25.95,65.95
20.5,31.85,65.95,31.75,65.95,31.650000000000002,65.95,31.55,65.95,31.450000000000003,65.95,31.35,65.95,31.25,65.95,31.150000000000002,65.95,31.05,65.95,30.950000000000003,65.95,30.85,65.95,30.75,65.95,30.650000000000002,65.95,30.55,65.95,30.450000000000003,65.95,30.35,65.95,30.25,65.95,30.150000000000002,65.95,30.05,65.95,29.950000000000003,65.95,29.85,65.95,29.75,65.95,29.650000000000002,65.95,29.55,65.95,29.450000000000003,65.95,29.35,65.95,29.25,65.95,29.150000000000002,65.95,29.05,65.95,28.950000000000003,65.95,28.85,65.95,28.75,65.95,28.650000000000002,65.95,28.55,65.95,28.450000000000003,65.95,28.35,65.95,28.25,65.95,28.150000000000002,65.95,28.05,65.95,27.950000000000003,65.95,27.85,65.95,27.75,65.95,27.650000000000002,65.95,27.55,65.95,27.450000000000003,65.95,27.35,65.95,27.25,65.95,27.150000000000002,65.95,27.05,65.95,26.950000000000003,65.95,26.85,65.95,26.75,65.95,26.650000000000002,65.95,26.55,65.95,26.450000000000003,65.95,26.35,65.95,26.25,65.95,26.150000000000002,65.95,26.05,65.95,25.950000000000003,65.95,25.85,65.95
20.6,31.75,65.95,31.65,65.95,31.55,65.95,31.45,65.95,31.35,65.95,31.25,65.95,31.15,65.95,31.05,65.95,30.95,65.95,30.85,65.95,30.75,65.95,30.65,65.95,30.55,65.95,30.45,65.95,30.35,65.95,30.25,65.95,30.15,65.95,30.05,65.95,29.95,65.95,29.85,65.95,29.75,65.95,29.65,65.95,29.55,65.95,29.45,65.95,29.35,65.95,29.25,65.95,29.15,65.95,29.05,65.95,28.95,65.95,28.85,65.95,28.75,65.95,28.65,65.95,28.55,65.95,28.45,65.95,28.35,65.95,28.25,65.95,28.15,65.95,28.05,65.95,27.95,65.95,27.85,65.95,27.75,65.95,27.65,65.95,27.55,65.95,27.45,65.95,27.35,65.95,27.25,65.95,27.15,65.95,27.05,65.95,26.95,65.95,26.85,65.95,26.75,65.95,26.65,65.95,26.55,65.95,26.45,65.95,26.35,65.95,26.25,65.95,26.15,65.95,26.05,65.95,25.95,65.95,25.85,65.95,25.75,65.95
20.700000000000003,31.65,65.95,31.549999999999997,65.95,31.45,65.95,31.349999999999998,65.95,31.25,65.95,31.15,65.95,31.049999999999997,65.95,30.95,65.95,30.849999999999998,65.95,30.75,65.95,30.65,65.95,30.549999999999997,65.95,30.45,65.95,30.349999999999998,65.95,30.25,65.95,30.15,65.95,30.049999999999997,65.95,29.95,65.95,29.849999999999998,65.95,29.75,65.95,29.65,65.95,29.549999999999997,65.95,29.45,65.95,29.349999999999998,65.95,29.25,65.95,29.15,65.95,29.049999999999997,65.95,28.95,65.95,28.849999999999998,65.95,28.75,65.95,28.65,65.95,28.549999999999997,65.95,28.45,65.95,28.349999999999998,65.95,28.25,65.95,28.15,65.95,28.049999999999997,65.95,27.95,65.95,27.849999999999998,65.95,27.75,65.95,27.65,65.95,27.549999999999997,65.95,27.45,65.95,27.349999999999998,65.95,27.25,65.95,27.15,65.95,27.049999999999997,65.95,26.95,65.95,26.849999999999998,65.95,26.75,65.95,26.65,65.95,26.549999999999997,65.95,26.45,65.95,26.349999999999998,65.95,26.25,65.95,26.15,65.95,26.049999999999997,65.95,25.95,65.95,25.849999999999998,65.95,25.75,65.95,25.65,65.95
20.8,31.55,65.95,31.45,65.95,31.35,65.95,31.25,65.95,31.150000000000002,65.95,31.05,65.95,30.95,65.95,30.85,65.95,30.75,65.95,30.650000000000002,65.95,30.55,65.95,30.45,65.95,30.35,65.95,30.25,65.95,30.150000000000002,65.95,30.05,65.95,29.95,65.95,29.85,65.95,29.75,65.95,29.650000000000002,65.95,29.55,65.95,29.45,65.95,29.35,65.95,29.25,65.95,29.15,65.95,29.05,65.95,28.95,65.95,28.85,65.95,28.75,65.95,28.65,65.95,28.55,65.95,28.45,65.95,28.35,65.95,28.25,65.95,28.15,65.95,28.05,65.95,27.95,65.95,27.85,65.95,27.75,65.95,27.65,65.95,27.55,65.95,27.45,65.95,27.35,65.95,27.25,65.95,27.15,65.95,27.05,65.95,26.95,65.95,26.85,65.95,26.75,65.95,26.65,65.95,26.55,65.95,26.45,65.95,26.35,65.95,26.25,65.95,26.15,65.95,26.05,65.95,25.95,65.95,25.85,65.95,25.75,65.95,25.65,65.95,25.55,65.95
20.900000000000002,31.45,65.95,31.349999999999998,65.95,31.25,65.95,31.15,65.95,31.05,65.95,30.95,65.95,30.849999999999998,65.95,30.75,65.95,30.65,65.95,30.55,65.95,30.45,65.95,30.349999999999998,65.95,30.25,65.95,30.15,65.95,30.05,65.95,29.95,65.95,29.849999999999998,65.95,29.75,65.95,29.65,65.95,29.55,65.95,29.45,65.95,29.349999999999998,65.95,29.25,65.95,29.15,65.95,29.049999999999997,65.95,28.95,65.95,28.849999999999998,65.95,28.75,65.95,28.65,65.95,28.549999999999997,65.95,28.45,65.95,28.349999999999998,65.95,28.25,65.95,28.15,65.95,28.049999999999997,65.95,27.95,65.95,27.849999999999998,65.95,27.75,65.95,27.65,65.95,27.549999999999997,65.95,27.45,65.95,27.349999999999998,65.95,27.25,65.95,27.15,65.95,27.049999999999997,65.95,26.95,65.95,26.849999999999998,65.95,26.75,65.95,26.65,65.95,26.549999999999997,65.95,26.45,65.95,26.349999999999998,65.95,26.25,65.95,26.15,65.95,26.049999999999997,65.95,25.95,65.95,25.849999999999998,65.95,25.75,65.95,25.65,65.95,25.549999999999997,65.95,25.45,65.95
21.0,31.35,65.95,31.25,65.95,31.150000000000002,65.95,31.05,65.95,30.950000000000003,65.95,30.85,65.95,30.75,65.95,30.650000000000002,65.95,30.55,65.95,30.450000000000003,65.95,30.35,65.95,30.25,65.95,30.150000000000002,65.95,30.05,65.95,29.950000000000003,65.95,29.85,65.95,29.75,65.95,29.650000000000002,65.95,29.55,65.95,29.450000000000003,65.95,29.35,65.95,29.25,65.95,29.150000000000002,65.95,29.05,65.95,28.950000000000003,65.95,28.85,65.95,28.75,65.95,28.650000000000002,65.95,28.55,65.95,28.450000000000003,65.95,28.35,65.95,28.25,65.95,28.150000000000002,65.95,28.05,65.95,27.950000000000003,65.95,27.85,65.95,27.75,65.95,27.650000000000002,65.95,27.55,65.95,27.450000000000003,65.95,27.35,65.95,27.25,65.95,27.150000000000002,65.95,27.05,65.95,26.950000000000003,65.95,26.85,65.95,26.75,65.95,26.650000000000002,65.95,26.55,65.95,26.450000000000003,65.95,26.35,65.95,26.25,65.95,26.150000000000002,65.95,26.05,65.95,25.950000000000003,65.95,25.85,65.95,25.75,65.95,25.650000000000002,65.95,25.55,65.95,25.450000000000003,65.95,25.35,65.95
21.1,31.25,65.95,31.15,65.95,31.05,65.95,30.95,65.95,30.85,65.95,30.75,65.95,30.65,65.95,30.55,65.95,30.45,65.95,30.35,65.95,30.25,65.95,30.15,65.95,30.05,65.95,29.95,65.95,29.85,65.95,29.75,65.95,29.65,65.95,29.55,65.95,29.45,65.95,29.35,65.95,29.25,65.95,29.15,65.95,29.05,65.95,28.95,65.95,28.85,65.95,28.75,65.95,28.65,65.95,28.55,65.95,28.45,65.95,28.35,65.95,28.25,65.95,28.15,65.95,28.05,65.95,27.95,65.95,27.85,65.95,27.75,65.95,27.65,65.95,27.55,65.95,27.45,65.95,27.35,65.95,27.25,65.95,27.15,65.95,27.05,65.95,26.95,65.95,26.85,65.95,26.75,65.95,26.65,65.95,26.55,65.95,26.45,65.95,26.35,65.95,26.25,65.95,26.15,65.95,26.05,65.95,25.95,65.95,25.85,65.95,25.75,65.95,25.65,65.95,25.55,65.95,25.45,65.95,25.35,65.95,25.25,65.95
21.200000000000003,31.15,65.95,31.049999999999997,65.95,30.95,65.95,30.849999999999998,65.95,30.75,65.95,30.65,65.95,30.549999999999997,65.95,30.45,65.95,30.349999999999998,65.95,30.25,65.95,30.15,65.95,30.049999999999997,65.95,29.95,65.95,29.849999999999998,65.95,29.75,65.95,29.65,65.95,29.549999999999997,65.95,29.45,65.95,29.349999999999998,65.95,29.25,65.95,29.15,65.95,29.049999999999997,65.95,28.95,65.95,28.849999999999998,65.95,28.75,65.95,28.65,65.95,28.549999999999997,65.95,28.45,65.95,28.349999999999998,65.95,28.25,65.95,28.15,65.95,28.049999999999997,65.95,27.95,65.95,27.849999999999998,65.95,27.75,65.95,27.65,65.95,27.549999999999997,65.95,27.45,65.95,27.349999999999998,65.95,27.25,65.95,27.15,65.95,27.049999999999997,65.95,26.95,65.95,26.849999999999998,65.95,26.75,65.95,26.65,65.95,26.549999999999997,65.95,26.45,65.95,26.349999999999998,65.95,26.25,65.95,26.15,65.95,26.049999999999997,65.95,25.95,65.95,25.849999999999998,65.95,25.75,65.95,25.65,65.95,25.549999999999997,65.95,25.45,65.95,25.349999999999998,65.95,25.25,65.95,25.15,65.95
21.3,31.05,65.95,30.95,65.95,30.85,65.95,30.75,65.95,30.650000000000002,65.95,30.55,65.95,30.45,65.95,30.35,65.95,30.25,65.95,30.150000000000002,65.95,30.05,65.95,29.95,65.95,29.85,65.95,29.75,65.95,29.650000000000002,65.95,29.55,65.95,29.45,65.95,29.35,65.95,29.25,65.95,29.150000000000002,65.95,29.05,65.95,28.95,65.95,28.85,65.95,28.75,65.95,28.65,65.95,28.55,65.95,28.45,65.95,28.35,65.95,28.25,65.95,28.15,65.95,28.05,65.95,27.95,65.95,27.85,65.95,27.75,65.95,27.65,65.95,27.55,65.95,27.45,65.95,27.35,65.95,27.25,65.95,27.15,65.95,27.05,65.95,26.95,65.95,26.85,65.95,26.75,65.95,26.65,65.95,26.55,65.95,26.45,65.95,26.35,65.95,26.25,65.95,26.15,65.95,26.05,65.95,25.95,65.95,25.85,65.95,25.75,65.95,25.65,65.95,25.55,65.95,25.45,65.95,25.35,65.95,25.25,65.95,25.15,65.95,25.05,65.95
21.400000000000002,30.95,65.95,30.849999999999998,65.95,30.75,65.95,30.65,65.95,30.55,65.95,30.45,65.95,30.349999999999998,65.95,30.25,65.95,30.15,65.95,30.05,65.95,29.95,65.95,29.849999999999998,65.95,29.75,65.95,29.65,65.95,29.55,65.95,29.45,65.95,29.349999999999998,65.95,29.25,65.95,29.15,65.95,29.05,65.95,28.95,65.95,28.849999999999998,65.95,28.75,65.95,28.65,65.95,28.549999999999997,65.95,28.45,65.95,28.349999999999998,65.95,28.25,65.95,28.15,65.95,28.049999999999997,65.95,27.95,65.95,27.849999999999998,65.95,27.75,65.95,27.65,65.95,27.549999999999997,65.95,27.45,65.95,27.349999999999998,65.95,27.25,65.95,27.15,65.95,27.049999999999997,65.95,26.95,65.95,26.849999999999998,65.95,26.75,65.95,26.65,65.95,26.549999999999997,65.95,26.45,65.95,26.349999999999998,65.95,26.25,65.95,26.15,65.95,26.049999999999997,65.95,25.95,65.95,25.849999999999998,65.95,25.75,65.95,25.65,65.95,25.549999999999997,65.95,25.45,65.95,25.349999999999998,65.95,25.25,65.95,25.15,65.95,25.049999999999997,65.95,24.95,65.95
21.5,30.85,65.95,30.75,65.95,30.650000000000002,65.95,30.55,65.95,30.450000000000003,65.95,30.35,65.95,30.25,65.95,30.150000000000002,65.95,30.05,65.95,29.950000000000003,65.95,29.85,65.95,29.75,65.95,29.650000000000002,65.95,29.55,65.95,29.450000000000003,65.95,29.35,65.95,29.25,65.95,29.150000000000002,65.95,29.05,65.95,28.950000000000003,65.95,28.85,65.95,28.75,65.95,28.650000000000002,65.95,28.55,65.95,28.450000000000003,65.95,28.35,65.95,28.25,65.95,28.150000000000002,65.95,28.05,65.95,27.950000000000003,65.95,27.85,65.95,27.75,65.95,27.650000000000002,65.95,27.55,65.95,27.450000000000003,65.95,27.35,65.95,27.25,65.95,27.150000000000002,65.95,27.05,65.95,26.950000000000003,65.95,26.85,65.95,26.75,65.95,26.650000000000002,65.95,26.55,65.95,26.450000000000003,65.95,26.35,65.95,26.25,65.95,26.150000000000002,65.95,26.05,65.95,25.950000000000003,65.95,25.85,65.95,25.75,65.95,25.650000000000002,65.95,25.55,65.95,25.450000000000003,65.95,25.35,65.95,25.25,65.95,25.150000000000002,65.95,25.05,65.95,24.950000000000003,65.95,24.85,65.95
21.6,30.75,65.95,30.65,65.95,30.55,65.95,30.45,65.95,30.35,65.95,30.25,65.95,30.15,65.95,30.05,65.95,29.95,65.95,29.85,65.95,29.75,65.95,29.65,65.95,29.55,65.95,29.45,65.95,29.35,65.95,29.25,65.95,29.15,65.95,29.05,65.95,28.95,65.95,28.85,65.95,28.75,65.95,28.65,65.95,28.55,65.95,28.45,65.95,28.35,65.95,28.25,65.95,28.15,65.95,28.05,65.95,27.95,65.95,27.85,65.95,27.75,65.95,27.65,65.95,27.55,65.95,27.45,65.95,27.35,65.95,27.25,65.95,27.15,65.95,27.05,65.95,26.95,65.95,26.85,65.95,26.75,65.95,26.65,65.95,26.55,65.95,26.45,65.95,26.35,65.95,26.25,65.95,26.15,65.95,26.05,65.95,25.95,65.95,25.85,65.95,25.75,65.95,25.65,65.95,25.55,65.95,25.45,65.95,25.35,65.95,25.25,65.95,25.15,65.95,25.05,65.95,24.95,65.95,24.85,65.95,24.75,65.95
21.700000000000003,30.65,65.95,30.549999999999997,65.95,30.45,65.95,30.349999999999998,65.95,30.25,65.95,30.15,65.95,30.049999999999997,65.95,29.95,65.95,29.849999999999998,65.95,29.75,65.95,29.65,65.95,29.549999999999997,65.95,29.45,65.95,29.349999999999998,65.95,29.25,65.95,29.15,65.95,29.049999999999997,65.95,28.95,65.95,28.849999999999998,65.95,28.75,65.95,28.65,65.95,28.549999999999997,65.95,28.45,65.95,28.349999999999998,65.95,28.25,65.95,28.15,65.95,28.049999999999997,65.95,27.95,65.95,27.849999999999998,65.95,27.75,65.95,27.65,65.95,27.549999999999997,65.95,27.45,65.95,27.349999999999998,65.95,27.25,65.95,27.15,65.95,27.049999999999997,65.95,26.95,65.95,26.849999999999998,65.95,26.75,65.95,26.65,65.95,26.549999999999997,65.95,26.45,65.95,26.349999999999998,65.95,26.25,65.95,26.15,65.95,26.049999999999997,65.95,25.95,65.95,25.849999999999998,65.95,25.75,65.95,25.65,65.95,25.549999999999997,65.95,25.45,65.95,25.349999999999998,65.95,25.25,65.95,25.15,65.95,25.049999999999997,65.95,24.95,65.95,24.849999999999998,65.95,24.75,65.95,24.65,65.95
21.8,30.55,65.95,30.45,65.95,30.35,65.95,30.25,65.95,30.150000000000002,65.95,30.05,65.95,29.95,65.95,29.85,65.95,29.75,65.95,29.650000000000002,65.95,29.55,65.95,29.45,65.95,29.35,65.95,29.25,65.95,29.150000000000002,65.95,29.05,65.95,28.95,65.95,28.85,65.95,28.75,65.95,28.650000000000002,65.95,28.55,65.95,28.45,65.95,28.35,65.95,28.25,65.95,28.15,65.95,28.05,65.95,27.95,65.95,27.85,65.95,27.75,65.95,27.65,65.95,27.55,65.95,27.45,65.95,27.35,65.95,27.25,65.95,27.15,65.95,27.05,65.95,26.95,65.95,26.85,65.95,26.75,65.95,26.65,65.95,26.55,65.95,26.45,65.95,26.35,65.95,26.25,65.95,26.15,65.95,26.05,65.95,25.95,65.95,25.85,65.95,25.75,65.95,25.65,65.95,25.55,65.95,25.45,65.95,25.35,65.95,25.25,65.95,25.15,65.95,25.05,65.95,24.95,65.95,24.85,65.95,24.75,65.95,24.65,65.95,24.55,65.95
21.900000000000002,30.45,65.95,30.349999999999998,65.95,30.25,65.95,30.15,65.95,30.05,65.95,29.95,65.95,29.849999999999998,65.95,29.75,65.95,29.65,65.95,29.55,65.95,29.45,65.95,29.349999999999998,65.95,29.25,65.95,29.15,65.95,29.05,65.95,28.95,65.95,28.849999999999998,65.95,28.75,65.95,28.65,65.95,28.55,65.95,28.45,65.95,28.349999999999998,65.95,28.25,65.95,28.15,65.95,28.049999999999997,65.95,27.95,65.95,27.849999999999998,65.95,27.75,65.95,27.65,65.95,27.549999999999997,65.95,27.45,65.95,27.349999999999998,65.95,27.25,65.95,27.15,65.95,27.049999999999997,65.95,26.95,65.95,26.849999999999998,65.95,26.75,65.95,26.65,65.95,26.549999999999997,65.95,26.45,65.95,26.349999999999998,65.95,26.25,65.95,26.15,65.95,26.049999999999997,65.95,25.95,65.95,25.849999999999998,65.95,25.75,65.95,25.65,65.95,25.549999999999997,65.95,25.45,65.95,25.349999999999998,65.95,25.25,65.95,25.15,65.95,25.049999999999997,65.95,24.95,65.95,24.849999999999998,65.95,24.75,65.95,24.65,65.95,24.549999999999997,65.95,24.45,65.95
22.0,30.35,65.95,30.25,65.95,30.150000000000002,65.95,30.05,65.95,29.950000000000003,65.95,29.85,65.95,29.75,65.95,29.650000000000002,65.95,29.55,65.95,29.450000000000003,65.95,29.35,65.95,29.25,65.95,29.150000000000002,65.95,29.05,65.95,28.950000000000003,65.95,28.85,65.95,28.75,65.95,28.650000000000002,65.95,28.55,65.95,28.450000000000003,65.95,28.35,65.95,28.25,65.95,28.150000000000002,65.95,28.05,65.95,27.950000000000003,65.95,27.85,65.95,27.75,65.95,27.650000000000002,65.95,27.55,65.95,27.450000000000003,65.95,27.35,65.95,27.25,65.95,27.150000000000002,65.95,27.05,65.95,26.950000000000003,65.95,26.85,65.95,26.75,65.95,26.650000000000002,65.95,26.55,65.95,26.450000000000003,65.95,26.35,65.95,26.25,65.95,26.150000000000002,65.95,26.05,65.95,25.950000000000003,65.95,25.85,65.95,25.75,65.95,25.650000000000002,65.95,25.55,65.95,25.450000000000003,65.95,25.35,65.95,25.25,65.95,25.150000000000002,65.95,25.05,65.95,24.950000000000003,65.95,24.85,65.95,24.75,65.95,24.650000000000002,65.95,24.55,65.95,24.450000000000003,65.95,24.35,65.95
22.1,30.25,65.95,30.15,65.95,30.05,65.95,29.95,65.95,29.85,65.95,29.75,65.95,29.65,65.95,29.55,65.95,29.45,65.95,29.35,65.95,29.25,65.95,29.15,65.95,29.05,65.95,28.95,65.95,28.85,65.95,28.75,65.95,28.65,65.95,28.55,65.95,28.45,65.95,28.35,65.95,28.25,65.95,28.15,65.95,28.05,65.95,27.95,65.95,27.85,65.95,27.75,65.95,27.65,65.95,27.55,65.95,27.45,65.95,27.35,65.95,27.25,65.95,27.15,65.95,27.05,65.95,26.95,65.95,26.85,65.95,26.75,65.95,26.65,65.95,26.55,65.95,26.45,65.95,26.35,65.95,26.25,65.95,26.15,65.95,26.05,65.95,25.95,65.95,25.85,65.95,25.75,65.95,25.65,65.95,25.55,65.95,25.45,65.95,25.35,65.95,25.25,65.95,25.15,65.95,25.05,65.95,24.95,65.95,24.85,65.95,24.75,65.95,24.65,65.95,24.55,65.95,24.45,65.95,24.35,65.95,24.25,65.95
22.200000000000003,30.15,65.95,30.049999999999997,65.95,29.95,65.95,29.849999999999998,65.95,29.75,65.95,29.65,65.95,29.549999999999997,65.95,29.45,65.95,29.349999999999998,65.95,29.25,65.95,29.15,65.95,29.049999999999997,65.95,28.95,65.95,28.849999999999998,65.95,28.75,65.95,28.65,65.95,28.549999999999997,65.95,28.45,65.95,28.349999999999998,65.95,28.25,65.95,28.15,65.95,28.049999999999997,65.95,27.95,65.95,27.849999999999998,65.95,27.75,65.95,27.65,65.95,27.549999999999997,65.95,27.45,65.95,27.349999999999998,65.95,27.25,65.95,27.15,65.95,27.049999999999997,65.95,26.95,65.95,26.849999999999998,65.95,26.75,65.95,26.65,65.95,26.549999999999997,65.95,26.45,65.95,26.349999999999998,65.95,26.25,65.95,26.15,65.95,26.049999999999997,65.95,25.95,65.95,25.849999999999998,65.95,25.75,65.95,25.65,65.95,25.549999999999997,65.95,25.45,65.95,25.349999999999998,65.95,25.25,65.95,25.15,65.95,25.049999999999997,65.95,24.95,65.95,24.849999999999998,65.95,24.75,65.95,24.65,65.95,24.549999999999997,65.95,24.45,65.95,24.349999999999998,65.95,24.25,65.95,24.15,65.95
22.3,30.05,65.95,29.95,65.95,29.85,65.95,29.75,65.95,29.650000000000002,65.95,29.55,65.95,29.45,65.95,29.35,65.95,29.25,65.95,29.150000000000002,65.95,29.05,65.95,28.95,65.95,28.85,65.95,28.75,65.95,28.650000000000002,65.95,28.55,65.95,28.45,65.95,28.35,65.95,28.25,65.95,28.150000000000002,65.95,28.05,65.95,27.95,65.95,27.85,65.95,27.75,65.95,27.65,65.95,27.55,65.95,27.45,65.95,27.35,65.95,27.25,65.95,27.15,65.95,27.05,65.95,26.95,65.95,26.85,65.95,26.75,65.95,26.65,65.95,26.55,65.95,26.45,65.95,26.35,65.95,26.25,65.95,26.15,65.95,26.05,65.95,25.95,65.95,25.85,65.95,25.75,65.95,25.65,65.95,25.55,65.95,25.45,65.95,25.35,65.95,25.25,65.95,25.15,65.95,25.05,65.95,24.95,65.95,24.85,65.95,24.75,65.95,24.65,65.95,24.55,65.95,24.45,65.95,24.35,65.95,24.25,65.95,24.15,65.95,24.05,65.95
22.400000000000002,29.95,65.95,29.849999999999998,65.95,29.75,65.95,29.65,65.95,29.55,65.95,29.45,65.95,29.349999999999998,65.95,29.25,65.95,29.15,65.95,29.05,65.95,28.95,65.95,28.849999999999998,65.95,28.75,65.95,28.65,65.95,28.55,65.95,28.45,65.95,28.349999999999998,65.95,28.25,65.95,28.15,65.95,28.05,65.95,27.95,65.95,27.849999999999998,65.95,27.75,65.95,27.65,65.95,27.549999999999997,65.95,27.45,65.95,27.349999999999998,65.95,27.25,65.95,27.15,65.95,27.049999999999997,65.95,26.95,65.95,26.849999999999998,65.95,26.75,65.95,26.65,65.95,26.549999999999997,65.95,26.45,65.95,26.349999999999998,65.95,26.25,65.95,26.15,65.95,26.049999999999997,65.95,25.95,65.95,25.849999999999998,65.95,25.75,65.95,25.65,65.95,25.549999999999997,65.95,25.45,65.95,25.349999999999998,65.95,25.25,65.95,25.15,65.95,25.049999999999997,65.95,24.95,65.95,24.849999999999998,65.95,24.75,65.95,24.65,65.95,24.549999999999997,65.95,24.45,65.95,24.349999999999998,65.95,24.25,65.95,24.15,65.95,24.049999999999997,65.95,23.95,65.95
22.5,29.85,65.95,29.75,65.95,29.650000000000002,65.95,29.55,65.95,29.450000000000003,65.95,29.35,65.95,29.25,65.95,29.150000000000002,65.95,29.05,65.95,28.950000000000003,65.95,28.85,65.95,28.75,65.95,28.650000000000002,65.95,28.55,65.95,28.450000000000003,65.95,28.35,65.95,28.25,65.95,28.150000000000002,65.95,28.05,65.95,27.950000000000003,65.95,27.85,65.95,27.75,65.95,27.650000000000002,65.95,27.55,65.95,27.450000000000003,65.95,27.35,65.95,27.25,65.95,27.150000000000002,65.95,27.05,65.95,26.950000000000003,65.95,26.85,65.95,26.75,65.95,26.650000000000002,65.95,26.55,65.95,26.450000000000003,65.95,26.35,65.95,26.25,65.95,26.150000000000002,65.95,26.05,65.95,25.950000000000003,65.95,25.85,65.95,25.75,65.95,25.650000000000002,65.95,25.55,65.95,25.450000000000003,65.95,25.35,65.95,25.25,65.95,25.150000000000002,65.95,25.05,65.95,24.950000000000003,65.95,24.85,65.95,24.75,65.95,24.650000000000002,65.95,24.55,65.95,24.450000000000003,65.95,24.35,65.95,24.25,65.95,24.150000000000002,65.95,24.05,65.95,23.950000000000003,65.95,23.85,65.95
22.6,29.75,65.95,29.65,65.95,29.55,65.95,29.45,65.95,29.35,65.95,29.25,65.95,29.15,65.95,29.05,65.95,28.95,65.95,28.85,65.95,28.75,65.95,28.65,65.95,28.55,65.95,28.45,65.95,28.35,65.95,28.25,65.95,28.15,65.95,28.05,65.95,27.95,65.95,27.85,65.95,27.75,65.95,27.65,65.95,27.55,65.95,27.45,65.95,27.35,65.95,27.25,65.95,27.15,65.95,27.05,65.95,26.95,65.95,26.85,65.95,26.75,65.95,26.65,65.95,26.55,65.95,26.45,65.95,26.35,65.95,26.25,65.95,26.15,65.95,26.05,65.95,25.95,65.95,25.85,65.95,25.75,65.95,25.65,65.95,25.55,65.95,25.45,65.95,25.35,65.95,25.25,65.95,25.15,65.95,25.05,65.95,24.95,65.95,24.85,65.95,24.75,65.95,24.65,65.95,24.55,65.95,24.45,65.95,24.35,65.95,24.25,65.95,24.15,65.95,24.05,65.95,23.95,65.95,23.85,65.95,23.75,65.95
22.700000000000003,29.65,65.95,29.549999999999997,65.95,29.45,65.95,29.349999999999998,65.95,29.25,65.95,29.15,65.95,29.049999999999997,65.95,28.95,65.95,28.849999999999998,65.95,28.75,65.95,28.65,65.95,28.549999999999997,65.95,28.45,65.95,28.349999999999998,65.95,28.25,65.95,28.15,65.95,28.049999999999997,65.95,27.95,65.95,27.849999999999998,65.95,27.75,65.95,27.65,65.95,27.549999999999997,65.95,27.45,65.95,27.349999999999998,65.95,27.25,65.95,27.15,65.95,27.049999999999997,65.95,26.95,65.95,26.849999999999998,65.95,26.75,65.95,26.65,65.95,26.549999999999997,65.95,26.45,65.95,26.349999999999998,65.95,26.25,65.95,26.15,65.95,26.049999999999997,65.95,25.95,65.95,25.849999999999998,65.95,25.75,65.95,25.65,65.95,25.549999999999997,65.95,25.45,65.95,25.349999999999998,65.95,25.25,65.95,25.15,65.95,25.049999999999997,65.95,24.95,65.95,24.849999999999998,65.95,24.75,65.95,24.65,65.95,24.549999999999997,65.95,24.45,65.95,24.349999999999998,65.95,24.25,65.95,24.15,65.95,24.049999999999997,65.95,23.95,65.95,23.849999999999998,65.95,23.75,65.95,23.65,65.95
22.8,29.55,65.95,29.45,65.95,29.35,65.95,29.25,65.95,29.150000000000002,65.95,29.05,65.95,28.95,65.95,28.85,65.95,28.75,65.95,28.650000000000002,65.95,28.55,65.95,28.45,65.95,28.35,65.95,28.25,65.95,28.150000000000002,65.95,28.05,65.95,27.95,65.95,27.85,65.95,27.75,65.95,27.650000000000002,65.95,27.55,65.95,27.45,65.95,27.35,65.95,27.25,65.95,27.15,65.95,27.05,65.95,26.95,65.95,26.85,65.95,26.75,65.95,26.65,65.95,26.55,65.95,26.45,65.95,26.35,65.95,26.25,65.95,26.15,65.95,26.05,65.95,25.95,65.95,25.85,65.95,25.75,65.95,25.65,65.95,25.55,65.95,25.45,65.95,25.35,65.95,25.25,65.95,25.15,65.95,25.05,65.95,24.95,65.95,24.85,65.95,24.75,65.95,24.65,65.95,24.55,65.95,24.45,65.95,24.35,65.95,24.25,65.95,24.15,65.95,24.05,65.95,23.95,65.95,23.85,65.95,23.75,65.95,23.65,65.95,23.55,65.95
22.900000000000002,29.45,65.95,29.349999999999998,65.95,29.25,65.95,29.15,65.95,29.05,65.95,28.95,65.95,28.849999999999998,65.95,28.75,65.95,28.65,65.95,28.55,65.95,28.45,65.95,28.349999999999998,65.95,28.25,65.95,28.15,65.95,28.05,65.95,27.95,65.95,27.849999999999998,65.95,27.75,65.95,27.65,65.95,27.55,65.95,27.45,65.95,27.349999999999998,65.95,27.25,65.95,27.15,65.95,27.049999999999997,65.95,26.95,65.95,26.849999999999998,65.95,26.75,65.95,26.65,65.95,26.549999999999997,65.95,26.45,65.95,26.349999999999998,65.95,26.25,65.95,26.15,65.95,26.049999999999997,65.95,25.95,65.95,25.849999999999998,65.95,25.75,65.95,25.65,65.95,25.549999999999997,65.95,25.45,65.95,25.349999999999998,65.95,25.25,65.95,25.15,65.95,25.049999999999997,65.95,24.95,65.95,24.849999999999998,65.95,24.75,65.95,24.65,65.95,24.549999999999997,65.95,24.45,65.95,24.349999999999998,65.95,24.25,65.95,24.15,65.95,24.049999999999997,65.95,23.95,65.95,23.849999999999998,65.95,23.75,65.95,23.65,65.95,23.549999999999997,65.95,23.45,65.95
23.0,29.35,65.95,29.25,65.95,29.150000000000002,65.95,29.05,65.95,28.950000000000003,65.95,28.85,65.95,28.75,65.95,28.650000000000002,65.95,28.55,65.95,28.450000000000003,65.95,28.35,65.95,28.25,65.95,28.150000000000002,65.95,28.05,65.95,27.950000000000003,65.95,27.85,65.95,27.75,65.95,27.650000000000002,65.95,27.55,65.95,27.450000000000003,65.95,27.35,65.95,27.25,65.95,27.150000000000002,65.95,27.05,65.95,26.950000000000003,65.95,26.85,65.95,26.75,65.95,26.650000000000002,65.95,26.55,65.95,26.450000000000003,65.95,26.35,65.95,26.25,65.95,26.150000000000002,65.95,26.05,65.95,25.950000000000003,65.95,25.85,65.95,25.75,65.95,25.650000000000002,65.95,25.55,65.95,25.450000000000003,65.95,25.35,65.95,25.25,65.95,25.150000000000002,65.95,25.05,65.95,24.950000000000003,65.95,24.85,65.95,24.75,65.95,24.650000000000002,65.95,24.55,65.95,24.450000000000003,65.95,24.35,65.95,24.25,65.95,24.150000000000002,65.95,24.05,65.95,23.950000000000003,65.95,23.85,65.95,23.75,65.95,23.650000000000002,65.95,23.55,65.95,23.450000000000003,65.95,23.35,65.95
23.1,29.25,65.95,29.15,65.95,29.05,65.95,28.95,65.95,28.85,65.95,28.75,65.95,28.65,65.95,28.55,65.95,28.45,65.95,28.35,65.95,28.25,65.95,28.15,65.95,28.05,65.95,27.95,65.95,27.85,65.95,27.75,65.95,27.65,65.95,27.55,65.95,27.45,65.95,27.35,65.95,27.25,65.95,27.15,65.95,27.05,65.95,26.95,65.95,26.85,65.95,26.75,65.95,26.65,65.95,26.55,65.95,26.45,65.95,26.35,65.95,26.25,65.95,26.15,65.95,26.05,65.95,25.95,65.95,25.85,65.95,25.75,65.95,25.65,65.95,25.55,65.95,25.45,65.95,25.35,65.95,25.25,65.95,25.15,65.95,25.05,65.95,24.95,65.95,24.85,65.95,24.75,65.95,24.65,65.95,24.55,65.95,24.45,65.95,24.35,65.95,24.25,65.95,24.15,65.95,24.05,65.95,23.95,65.95,23.85,65.95,23.75,65.95,23.65,65.95,23.55,65.95,23.45,65.95,23.35,65.95,23.25,65.95
23.200000000000003,29.15,65.95,29.049999999999997,65.95,28.95,65.95,28.849999999999998,65.95,28.75,65.95,28.65,65.95,28.549999999999997,65.95,28.45,65.95,28.349999999999998,65.95,28.25,65.95,28.15,65.95,28.049999999999997,65.95,27.95,65.95,27.849999999999998,65.95,27.75,65.95,27.65,65.95,27.549999999999997,65.95,27.45,65.95,27.349999999999998,65.95,27.25,65.95,27.15,65.95,27.049999999999997,65.95,26.95,65.95,26.849999999999998,65.95,26.75,65.95,26.65,65.95,26.549999999999997,65.95,26.45,65.95,26.349999999999998,65.95,26.25,65.95,26.15,65.95,26.049999999999997,65.95,25.95,65.95,25.849999999999998,65.95,25.75,65.95,25.65,65.95,25.549999999999997,65.95,25.45,65.95,25.349999999999998,65.95,25.25,65.95,25.15,65.95,25.049999999999997,65.95,24.95,65.95,24.849999999999998,65.95,24.75,65.95,24.65,65.95,24.549999999999997,65.95,24.45,65.95,24.349999999999998,65.95,24.25,65.95,24.15,65.95,24.049999999999997,65.95,23.95,65.95,23.849999999999998,65.95,23.75,65.95,23.65,65.95,23.549999999999997,65.95,23.45,65.95,23.349999999999998,65.95,23.25,65.95,23.15,65.95
23.3,29.05,65.95,28.95,65.95,28.85,65.95,28.75,65.95,28.650000000000002,65.95,28.55,65.95,28.45,65.95,28.35,65.95,28.25,65.95,28.150000000000002,65.95,28.05,65.95,27.95,65.95,27.85,65.95,27.75,65.95,27.650000000000002,65.95,27.55,65.95,27.45,65.95,27.35,65.95,27.25,65.95,27.150000000000002,65.95,27.05,65.95,26.95,65.95,26.85,65.95,26.75,65.95,26.65,65.95,26.55,65.95,26.45,65.95,26.35,65.95,26.25,65.95,26.15,65.95,26.05,65.95,25.95,65.95,25.85,65.95,25.75,65.95,25.65,65.95,25.55,65.95,25.45,65.95,25.35,65.95,25.25,65.95,25.15,65.95,25.05,65.95,24.95,65.95,24.85,65.95,24.75,65.95,24.65,65.95,24.55,65.95,24.45,65.95,24.35,65.95,24.25,65.95,24.15,65.95,24.05,65.95,23.95,65.95,23.85,65.95,23.75,65.95,23.65,65.95,23.55,65.95,23.45,65.95,23.35,65.95,23.25,65.95,23.15,65.95,23.05,65.95
23.400000000000002,28.95,65.95,28.849999999999998,65.95,28.75,65.95,28.65,65.95,28.55,65.95,28.45,65.95,28.349999999999998,65.95,28.25,65.95,28.15,65.95,28.05,65.95,27.95,65.95,27.849999999999998,65.95,27.75,65.95,27.65,65.95,27.55,65.95,27.45,65.95,27.349999999999998,65.95,27.25,65.95,27.15,65.95,27.05,65.95,26.95,65.95,26.849999999999998,65.95,26.75,65.95,26.65,65.95,26.549999999999997,65.95,26.45,65.95,26.349999999999998,65.95,26.25,65.95,26.15,65.95,26.049999999999997,65.95,25.95,65.95,25.849999999999998,65.95,25.75,65.95,25.65,65.95,25.549999999999997,65.95,25.45,65.95,25.349999999999998,65.95,25.25,65.95,25.15,65.95,25.049999999999997,65.95,24.95,65.95,24.849999999999998,65.95,24.75,65.95,24.65,65.95,24.549999999999997,65.95,24.45,65.95,24.349999999999998,65.95,24.25,65.95,24.15,65.95,24.049999999999997,65.95,23.95,65.95,23.849999999999998,65.95,23.75,65.95,23.65,65.95,23.549999999999997,65.95,23.45,65.95,23.349999999999998,65.95,23.25,65.95,23.15,65.95,23.049999999999997,65.95,22.95,65.95
23.5,28.85,65.95,28.75,65.95,28.650000000000002,65.95,28.55,65.95,28.450000000000003,65.95,28.35,65.95,28.25,65.95,28.150000000000002,65.95,28.05,65.95,27.950000000000003,65.95,27.85,65.95,27.75,65.95,27.650000000000002,65.95,27.55,65.95,27.450000000000003,65.95,27.35,65.95,27.25,65.95,27.150000000000002,65.95,27.05,65.95,26.950000000000003,65.95,26.85,65.95,26.75,65.95,26.650000000000002,65.95,26.55,65.95,26.450000000000003,65.95,26.35,65.95,26.25,65.95,26.150000000000002,65.95,26.05,65.95,25.950000000000003,65.95,25.85,65.95,25.75,65.95,25.650000000000002,65.95,25.55,65.95,25.450000000000003,65.95,25.35,65.95,25.25,65.95,25.150000000000002,65.95,25.05,65.95,24.950000000000003,65.95,24.85,65.95,24.75,65.95,24.650000000000002,65.95,24.55,65.95,24.450000000000003,65.95,24.35,65.95,24.25,65.95,24.150000000000002,65.95,24.05,65.95,23.950000000000003,65.95,23.85,65.95,23.75,65.95,23.650000000000002,65.95,23.55,65.95,23.450000000000003,65.95,23.35,65.95,23.25,65.95,23.150000000000002,65.95,23.05,65.95,22.950000000000003,65.95,22.85,65.95
23.6,28.75,65.95,28.65,65.95,28.55,65.95,28.45,65.95,28.35,65.95,28.25,65.95,28.15,65.95,28.05,65.95,27.95,65.95,27.85,65.95,27.75,65.95,27.65,65.95,27.55,65.95,27.45,65.95,27.35,65.95,27.25,65.95,27.15,65.95,27.05,65.95,26.95,65.95,26.85,65.95,26.75,65.95,26.65,65.95,26.55,65.95,26.45,65.95,26.35,65.95,26.25,65.95,26.15,65.95,26.05,65.95,25.95,65.95,25.85,65.95,25.75,65.95,25.65,65.95,25.55,65.95,25.45,65.95,25.35,65.95,25.25,65.95,25.15,65.95,25.05,65.95,24.95,65.95,24.85,65.95,24.75,65.95,24.65,65.95,24.55,65.95,24.45,65.95,24.35,65.95,24.25,65.95,24.15,65.95,24.05,65.95,23.95,65.95,23.85,65.95,23.75,65.95,23.65,65.95,23.55,65.95,23.45,65.95,23.35,65.95,23.25,65.95,23.15,65.95,23.05,65.95,22.95,65.95,22.85,65.95,22.75,65.95
23.700000000000003,28.65,65.95,28.549999999999997,65.95,28.45,65.95,28.349999999999998,65.95,28.25,65.95,28.15,65.95,28.049999999999997,65.95,27.95,65.95,27.849999999999998,65.95,27.75,65.95,27.65,65.95,27.549999999999997,65.95,27.45,65.95,27.349999999999998,65.95,27.25,65.95,27.15,65.95,27.049999999999997,65.95,26.95,65.95,26.849999999999998,65.95,26.75,65.95,26.65,65.95,26.549999999999997,65.95,26.45,65.95,26.349999999999998,65.95,26.25,65.95,26.15,65.95,26.049999999999997,65.95,25.95,65.95,25.849999999999998,65.95,25.75,65.95,25.65,65.95,25.549999999999997,65.95,25.45,65.95,25.349999999999998,65.95,25.25,65.95,25.15,65.95,25.049999999999997,65.95,24.95,65.95,24.849999999999998,65.95,24.75,65.95,24.65,65.95,24.549999999999997,65.95,24.45,65.95,24.349999999999998,65.95,24.25,65.95,24.15,65.95,24.049999999999997,65.95,23.95,65.95,23.849999999999998,65.95,23.75,65.95,23.65,65.95,23.549999999999997,65.95,23.45,65.95,23.349999999999998,65.95,23.25,65.95,23.15,65.95,23.049999999999997,65.95,22.95,65.95,22.849999999999998,65.95,22.75,65.95,22.65,65.95
23.8,28.55,65.95,28.45,65.95,28.35,65.95,28.25,65.95,28.150000000000002,65.95,28.05,65.95,27.95,65.95,27.85,65.95,27.75,65.95,27.650000000000002,65.95,27.55,65.95,27.45,65.95,27.35,65.95,27.25,65.95,27.150000000000002,65.95,27.05,65.95,26.95,65.95,26.85,65.95,26.75,65.95,26.650000000000002,65.95,26.55,65.95,26.45,65.95,26.35,65.95,26.25,65.95,26.15,65.95,26.05,65.95,25.95,65.95,25.85,65.95,25.75,65.95,25.65,65.95,25.55,65.95,25.45,65.95,25.35,65.95,25.25,65.95,25.15,65.95,25.05,65.95,24.95,65.95,24.85,65.95,24.75,65.95,24.65,65.95,24.55,65.95,24.45,65.95,24.35,65.95,24.25,65.95,24.15,65.95,24.05,65.95,23.95,65.95,23.85,65.95,23.75,65.95,23.65,65.95,23.55,65.95,23.45,65.95,23.35,65.95,23.25,65.95,23.15,65.95,23.05,65.95,22.95,65.95,22.85,65.95,22.75,65.95,22.65,65.95,22.55,65.95
23.900000000000002,28.45,65.95,28.349999999999998,65.95,28.25,65.95,28.15,65.95,28.05,65.95,27.95,65.95,27.849999999999998,65.95,27.75,65.95,27.65,65.95,27.55,65.95,27.45,65.95,27.349999999999998,65.95,27.25,65.95,27.15,65.95,27.05,65.95,26.95,65.95,26.849999999999998,65.95,26.75,65.95,26.65,65.95,26.55,65.95,26.45,65.95,26.349999999999998,65.95,26.25,65.95,26.15,65.95,26.049999999999997,65.95,25.95,65.95,25.849999999999998,65.95,25.75,65.95,25.65,65.95,25.549999999999997,65.95,25.45,65.95,25.349999999999998,65.95,25.25,65.95,25.15,65.95,25.049999999999997,65.95,24.95,65.95,24.849999999999998,65.95,24.75,65.95,24.65,65.95,24.549999999999997,65.95,24.45,65.95,24.349999999999998,65.95,24.25,65.95,24.15,65.95,24.049999999999997,65.95,23.95,65.95,23.849999999999998,65.95,23.75,65.95,23.65,65.95,23.549999999999997,65.95,23.45,65.95,23.349999999999998,65.95,23.25,65.95,23.15,65.95,23.049999999999997,65.95,22.95,65.95,22.849999999999998,65.95,22.75,65.95,22.65,65.95,22.549999999999997,65.95,22.45,65.95
24.0,28.35,65.95,28.25,65.95,28.150000000000002,65.95,28.05,65.95,27.950000000000003,65.95,27.85,65.95,27.75,65.95,27.650000000000002,65.95,27.55,65.95,27.450000000000003,65.95,27.35,65.95,27.25,65.95,27.150000000000002,65.95,27.05,65.95,26.950000000000003,65.95,26.85,65.95,26.75,65.95,26.650000000000002,65.95,26.55,65.95,26.450000000000003,65.95,26.35,65.95,26.25,65.95,26.150000000000002,65.95,26.05,65.95,25.950000000000003,65.95,25.85,65.95,25.75,65.95,25.650000000000002,65.95,25.55,65.95,25.450000000000003,65.95,25.35,65.95,25.25,65.95,25.150000000000002,65.95,25.05,65.95,24.950000000000003,65.95,24.85,65.95,24.75,65.95,24.650000000000002,65.95,24.55,65.95,24.450000000000003,65.95,24.35,65.95,24.25,65.95,24.150000000000002,65.95,24.05,65.95,23.950000000000003,65.95,23.85,65.95,23.75,65.95,23.650000000000002,65.95,23.55,65.95,23.450000000000003,65.95,23.35,65.95,23.25,65.95,23.150000000000002,65.95,23.05,65.95,22.950000000000003,65.95,22.85,65.95,22.75,65.95,22.650000000000002,65.95,22.55,65.95,22.450000000000003,65.95,22.35,65.95
24.1,28.25,65.95,28.15,65.95,28.05,65.95,27.95,65.95,27.85,65.95,27.75,65.95,27.65,65.95,27.55,65.95,27.45,65.95,27.35,65.95,27.25,65.95,27.15,65.95,27.05,65.95,26.95,65.95,26.85,65.95,26.75,65.95,26.65,65.95,26.55,65.95,26.45,65.95,26.35,65.95,26.25,65.95,26.15,65.95,26.05,65.95,25.95,65.95,25.85,65.95,25.75,65.95,25.65,65.95,25.55,65.95,25.45,65.95,25.35,65.95,25.25,65.95,25.15,65.95,25.05,65.95,24.95,65.95,24.85,65.95,24.75,65.95,24.65,65.95,24.55,65.95,24.45,65.95,24.35,65.95,24.25,65.95,24.15,65.95,24.05,65.95,23.95,65.95,23.85,65.95,23.75,65.95,23.65,65.95,23.55,65.95,23.45,65.95,23.35,65.95,23.25,65.95,23.15,65.95,23.05,65.95,22.95,65.95,22.85,65.95,22.75,65.95,22.65,65.95,22.55,65.95,22.45,65.95,22.35,65.95,22.25,65.95
24.200000000000003,28.15,65.95,28.049999999999997,65.95,27.95,65.95,27.849999999999998,65.95,27.75,65.95,27.65,65.95,27.549999999999997,65.95,27.45,65.95,27.349999999999998,65.95,27.25,65.95,27.15,65.95,27.049999999999997,65.95,26.95,65.95,26.849999999999998,65.95,26.75,65.95,26.65,65.95,26.549999999999997,65.95,26.45,65.95,26.349999999999998,65.95,26.25,65.95,26.15,65.95,26.049999999999997,65.95,25.95,65.95,25.849999999999998,65.95,25.75,65.95,25.65,65.95,25.549999999999997,65.95,25.45,65.95,25.349999999999998,65.95,25.25,65.95,25.15,65.95,25.049999999999997,65.95,24.95,65.95,24.849999999999998,65.95,24.75,65.95,24.65,65.95,24.549999999999997,65.95,24.45,65.95,24.349999999999998,65.95,24.25,65.95,24.15,65.95,24.049999999999997,65.95,23.95,65.95,23.849999999999998,65.95,23.75,65.95,23.65,65.95,23.549999999999997,65.95,23.45,65.95,23.349999999999998,65.95,23.25,65.95,23.15,65.95,23.049999999999997,65.95,22.95,65.95,22.849999999999998,65.95,22.75,65.95,22.65,65.95,22.549999999999997,65.95,22.45,65.95,22.349999999999998,65.95,22.25,65.95,22.15,65.95
24.3,28.05,65.95,27.95,65.95,27.85,65.95,27.75,65.95,27.650000000000002,65.95,27.55,65.95,27.45,65.95,27.35,65.95,27.25,65.95,27.150000000000002,65.95,27.05,65.95,26.95,65.95,26.85,65.95,26.75,65.95,26.650000000000002,65.95,26.55,65.95,26.45,65.95,26.35,65.95,26.25,65.95,26.150000000000002,65.95,26.05,65.95,25.95,65.95,25.85,65.95,25.75,65.95,25.65,65.95,25.55,65.95,25.45,65.95,25.35,65.95,25.25,65.95,25.15,65.95,25.05,65.95,24.95,65.95,24.85,65.95,24.75,65.95,24.65,65.95,24.55,65.95,24.45,65.95,24.35,65.95,24.25,65.95,24.15,65.95,24.05,65.95,23.95,65.95,23.85,65.95,23.75,65.95,23.65,65.95,23.55,65.95,23.45,65.95,23.35,65.95,23.25,65.95,23.15,65.95,23.05,65.95,22.95,65.95,22.85,65.95,22.75,65.95,22.65,65.95,22.55,65.95,22.45,65.95,22.35,65.95,22.25,65.95,22.15,65.95,22.05,65.95
24.400000000000002,27.95,65.95,27.849999999999998,65.95,27.75,65.95,27.65,65.95,27.55,65.95,27.45,65.95,27.349999999999998,65.95,27.25,65.95,27.15,65.95,27.05,65.95,26.95,65.95,26.849999999999998,65.95,26.75,65.95,26.65,65.95,26.55,65.95,26.45,65.95,26.349999999999998,65.95,26.25,65.95,26.15,65.95,26.05,65.95,25.95,65.95,25.849999999999998,65.95,25.75,65.95,25.65,65.95,25.549999999999997,65.95,25.45,65.95,25.349999999999998,65.95,25.25,65.95,25.15,65.95,25.049999999999997,65.95,24.95,65.95,24.849999999999998,65.95,24.75,65.95,24.65,65.95,24.549999999999997,65.95,24.45,65.95,24.349999999999998,65.95,24.25,65.95,24.15,65.95,24.049999999999997,65.95,23.95,65.95,23.849999999999998,65.95,23.75,65.95,23.65,65.95,23.549999999999997,65.95,23.45,65.95,23.349999999999998,65.95,23.25,65.95,23.15,65.95,23.049999999999997,65.95,22.95,65.95,22.849999999999998,65.95,22.75,65.95,22.65,65.95,22.549999999999997,65.95,22.45,65.95,22.349999999999998,65.95,22.25,65.95,22.15,65.95,22.049999999999997,65.95,21.95,65.95
24.5,27.85,65.95,27.75,65.95,27.650000000000002,65.95,27.55,65.95,27.450000000000003,65.95,27.35,65.95,27.25,65.95,27.150000000000002,65.95,27.05,65.95,26.950000000000003,65.95,26.85,65.95,26.75,65.95,26.650000000000002,65.95,26.55,65.95,26.450000000000003,65.95,26.35,65.95,26.25,65.95,26.150000000000002,65.95,26.05,65.95,25.950000000000003,65.95,25.85,65.95,25.75,65.95,25.650000000000002,65.95,25.55,65.95,25.450000000000003,65.95,25.35,65.95,25.25,65.95,25.150000000000002,65.95,25.05,65.95,24.950000000000003,65.95,24.85,65.95,24.75,65.95,24.650000000000002,65.95,24.55,65.95,24.450000000000003,65.95,24.35,65.95,24.25,65.95,24.150000000000002,65.95,24.05,65.95,23.950000000000003,65.95,23.85,65.95,23.75,65.95,23.650000000000002,65.95,23.55,65.95,23.450000000000003,65.95,23.35,65.95,23.25,65.95,23.150000000000002,65.95,23.05,65.95,22.950000000000003,65.95,22.85,65.95,22.75,65.95,22.650000000000002,65.95,22.55,65.95,22.450000000000003,65.95,22.35,65.95,22.25,65.95,22.150000000000002,65.95,22.05,65.95,21.950000000000003,65.95,21.85,65.95
24.6,27.75,65.95,27.65,65.95,27.55,65.95,27.45,65.95,27.35,65.95,27.25,65.95,27.15,65.95,27.05,65.95,26.95,65.95,26.85,65.95,26.75,65.95,26.65,65.95,26.55,65.95,26.45,65.95,26.35,65.95,26.25,65.95,26.15,65.95,26.05,65.95,25.95,65.95,25.85,65.95,25.75,65.95,25.65,65.95,25.55,65.95,25.45,65.95,25.35,65.95,25.25,65.95,25.15,65.95,25.05,65.95,24.95,65.95,24.85,65.95,24.75,65.95,24.65,65.95,24.55,65.95,24.45,65.95,24.35,65.95,24.25,65.95,24.15,65.95,24.05,65.95,23.95,65.95,23.85,65.95,23.75,65.95,23.65,65.95,23.55,65.95,23.45,65.95,23.35,65.95,23.25,65.95,23.15,65.95,23.05,65.95,22.95,65.95,22.85,65.95,22.75,65.95,22.65,65.95,22.55,65.95,22.45,65.95,22.35,65.95,22.25,65.95,22.15,65.95,22.05,65.95,21.95,65.95,21.85,65.95,21.75,65.95
24.700000000000003,27.65,65.95,27.549999999999997,65.95,27.45,65.95,27.349999999999998,65.95,27.25,65.95,27.15,65.95,27.049999999999997,65.95,26.95,65.95,26.849999999999998,65.95,26.75,65.95,26.65,65.95,26.549999999999997,65.95,26.45,65.95,26.349999999999998,65.95,26.25,65.95,26.15,65.95,26.049999999999997,65.95,25.95,65.95,25.849999999999998,65.95,25.75,65.95,25.65,65.95,25.549999999999997,65.95,25.45,65.95,25.349999999999998,65.95,25.25,65.95,25.15,65.95,25.049999999999997,65.95,24.95,65.95,24.849999999999998,65.95,24.75,65.95,24.65,65.95,24.549999999999997,65.95,24.45,65.95,24.349999999999998,65.95,24.25,65.95,24.15,65.95,24.049999999999997,65.95,23.95,65.95,23.849999999999998,65.95,23.75,65.95,23.65,65.95,23.549999999999997,65.95,23.45,65.95,23.349999999999998,65.95,23.25,65.95,23.15,65.95,23.049999999999997,65.95,22.95,65.95,22.849999999999998,65.95,22.75,65.95,22.65,65.95,22.549999999999997,65.95,22.45,65.95,22.349999999999998,65.95,22.25,65.95,22.15,65.95,22.049999999999997,65.95,21.95,65.95,21.849999999999998,65.95,21.75,65.95,21.65,65.95
24.8,27.55,65.95,27.45,65.95,27.35,65.95,27.25,65.95,27.150000000000002,65.95,27.05,65.95,26.95,65.95,26.85,65.95,26.75,65.95,26.650000000000002,65.95,26.55,65.95,26.45,65.95,26.35,65.95,26.25,65.95,26.150000000000002,65.95,26.05,65.95,25.95,65.95,25.85,65.95,25.75,65.95,25.650000000000002,65.95,25.55,65.95,25.45,65.95,25.35,65.95,25.25,65.95,25.15,65.95,25.05,65.95,24.95,65.95,24.85,65.95,24.75,65.95,24.65,65.95,24.55,65.95,24.45,65.95,24.35,65.95,24.25,65.95,24.15,65.95,24.05,65.95,23.95,65.95,23.85,65.95,23.75,65.95,23.65,65.95,23.55,65.95,23.45,65.95,23.35,65.95,23.25,65.95,23.15,65.95,23.05,65.95,22.95,65.95,22.85,65.95,22.75,65.95,22.65,65.95,22.55,65.95,22.45,65.95,22.35,65.95,22.25,65.95,22.15,65.95,22.05,65.95,21.95,65.95,21.85,65.95,21.75,65.95,21.65,65.95,21.55,65.95
24.900000000000002,27.45,65.95,27.349999999999998,65.95,27.25,65.95,27.15,65.95,27.05,65.95,26.95,65.95,26.849999999999998,65.95,26.75,65.95,26.65,65.95,26.55,65.95,26.45,65.95,26.349999999999998,65.95,26.25,65.95,26.15,65.95,26.05,65.95,25.95,65.95,25.849999999999998,65.95,25.75,65.95,25.65,65.95,25.55,65.95,25.45,65.95,25.349999999999998,65.95,25.25,65.95,25.15,65.95,25.049999999999997,65.95,24.95,65.95,24.849999999999998,65.95,24.75,65.95,24.65,65.95,24.549999999999997,65.95,24.45,65.95,24.349999999999998,65.95,24.25,65.95,24.15,65.95,24.049999999999997,65.95,23.95,65.95,23.849999999999998,65.95,23.75,65.95,23.65,65.95,23.549999999999997,65.95,23.45,65.95,23.349999999999998,65.95,23.25,65.95,23.15,65.95,23.049999999999997,65.95,22.95,65.95,22.849999999999998,65.95,22.75,65.95,22.65,65.95,22.549999999999997,65.95,22.45,65.95,22.349999999999998,65.95,22.25,65.95,22.15,65.95,22.049999999999997,65.95,21.95,65.95,21.849999999999998,65.95,21.75,65.95,21.65,65.95,21.549999999999997,65.95,21.45,65.95
25.0,27.35,65.95,27.25,65.95,27.150000000000002,65.95,27.05,65.95,26.950000000000003,65.95,26.85,65.95,26.75,65.95,26.650000000000002,65.95,26.55,65.95,26.450000000000003,65.95,26.35,65.95,26.25,65.95,26.150000000000002,65.95,26.05,65.95,25.950000000000003,65.95,25.85,65.95,25.75,65.95,25.650000000000002,65.95,25.55,65.95,25.450000000000003,65.95,25.35,65.95,25.25,65.95,25.150000000000002,65.95,25.05,65.95,24.950000000000003,65.95,24.85,65.95,24.75,65.95,24.650000000000002,65.95,24.55,65.95,24.450000000000003,65.95,24.35,65.95,24.25,65.95,24.150000000000002,65.95,24.05,65.95,23.950000000000003,65.95,23.85,65.95,23.75,65.95,23.650000000000002,65.95,23.55,65.95,23.450000000000003,65.95,23.35,65.95,23.25,65.95,23.150000000000002,65.95,23.05,65.95,22.950000000000003,65.95,22.85,65.95,22.75,65.95,22.650000000000002,65.95,22.55,65.95,22.450000000000003,65.95,22.35,65.95,22.25,65.95,22.150000000000002,65.95,22.05,65.95,21.950000000000003,65.95,21.85,65.95,21.75,65.95,21.650000000000002,65.95,21.55,65.95,21.450000000000003,65.95,21.35,65.95
25.1,27.25,65.95,27.15,65.95,27.05,65.95,26.95,65.95,26.85,65.95,26.75,65.95,26.65,65.95,26.55,65.95,26.45,65.95,26.35,65.95,26.25,65.95,26.15,65.95,26.05,65.95,25.95,65.95,25.85,65.95,25.75,65.95,25.65,65.95,25.55,65.95,25.45,65.95,25.35,65.95,25.25,65.95,25.15,65.95,25.05,65.95,24.95,65.95,24.85,65.95,24.75,65.95,24.65,65.95,24.55,65.95,24.45,65.95,24.35,65.95,24.25,65.95,24.15,65.95,24.05,65.95,23.95,65.95,23.85,65.95,23.75,65.95,23.65,65.95,23.55,65.95,23.45,65.95,23.35,65.95,23.25,65.95,23.15,65.95,23.05,65.95,22.95,65.95,22.85,65.95,22.75,65.95,22.65,65.95,22.55,65.95,22.45,65.95,22.35,65.95,22.25,65.95,22.15,65.95,22.05,65.95,21.95,65.95,21.85,65.95,21.75,65.95,21.65,65.95,21.55,65.95,21.45,65.95,21.35,65.95,21.25,65.95
25.200000000000003,27.15,65.95,27.049999999999997,65.95,26.95,65.95,26.849999999999998,65.95,26.75,65.95,26.65,65.95,26.549999999999997,65.95,26.45,65.95,26.349999999999998,65.95,26.25,65.95,26.15,65.95,26.049999999999997,65.95,25.95,65.95,25.849999999999998,65.95,25.75,65.95,25.65,65.95,25.549999999999997,65.95,25.45,65.95,25.349999999999998,65.95,25.25,65.95,25.15,65.95,25.049999999999997,65.95,24.95,65.95,24.849999999999998,65.95,24.75,65.95,24.65,65.95,24.549999999999997,65.95,24.45,65.95,24.349999999999998,65.95,24.25,65.95,24.15,65.95,24.049999999999997,65.95,23.95,65.95,23.849999999999998,65.95,23.75,65.95,23.65,65.95,23.549999999999997,65.95,23.45,65.95,23.349999999999998,65.95,23.25,65.95,23.15,65.95,23.049999999999997,65.95,22.95,65.95,22.849999999999998,65.95,22.75,65.95,22.65,65.95,22.549999999999997,65.95,22.45,65.95,22.349999999999998,65.95,22.25,65.95,22.15,65.95,22.049999999999997,65.95,21.95,65.95,21.849999999999998,65.95,21.75,65.95,21.65,65.95,21.549999999999997,65.95,21.45,65.95,21.349999999999998,65.95,21.25,65.95,21.15,65.95
25.3,27.05,65.95,26.95,65.95,26.85,65.95,26.75,65.95,26.650000000000002,65.95,26.55,65.95,26.45,65.95,26.35,65.95,26.25,65.95,26.150000000000002,65.95,26.05,65.95,25.95,65.95,25.85,65.95,25.75,65.95,25.650000000000002,65.95,25.55,65.95,25.45,65.95,25.35,65.95,25.25,65.95,25.150000000000002,65.95,25.05,65.95,24.95,65.95,24.85,65.95,24.75,65.95,24.65,65.95,24.55,65.95,24.45,65.95,24.35,65.95,24.25,65.95,24.15,65.95,24.05,65.95,23.95,65.95,23.85,65.95,23.75,65.95,23.65,65.95,23.55,65.95,23.45,65.95,23.35,65.95,23.25,65.95,23.15,65.95,23.05,65.95,22.95,65.95,22.85,65.95,22.75,65.95,22.65,65.95,22.55,65.95,22.45,65.95,22.35,65.95,22.25,65.95,22.15,65.95,22.05,65.95,21.95,65.95,21.85,65.95,21.75,65.95,21.65,65.95,21.55,65.95,21.45,65.95,21.35,65.95,21.25,65.95,21.15,65.95,21.05,65.95
25.400000000000002,26.95,65.95,26.849999999999998,65.95,26.75,65.95,26.65,65.95,26.55,65.95,26.45,65.95,26.349999999999998,65.95,26.25,65.95,26.15,65.95,26.05,65.95,25.95,65.95,25.849999999999998,65.95,25.75,65.95,25.65,65.95,25.55,65.95,25.45,65.95,25.349999999999998,65.95,25.25,65.95,25.15,65.95,25.05,65.95,24.95,65.95,24.849999999999998,65.95,24.75,65.95,24.65,65.95,24.549999999999997,65.95,24.45,65.95,24.349999999999998,65.95,24.25,65.95,24.15,65.95,24.049999999999997,65.95,23.95,65.95,23.849999999999998,65.95,23.75,65.95,23.65,65.95,23.549999999999997,65.95,23.45,65.95,23.349999999999998,65.95,23.25,65.95,23.15,65.95,23.049999999999997,65.95,22.95,65.95,22.849999999999998,65.95,22.75,65.95,22.65,65.95,22.549999999999997,65.95,22.45,65.95,22.349999999999998,65.95,22.25,65.95,22.15,65.95,22.049999999999997,65.95,21.95,65.95,21.849999999999998,65.95,21.75,65.95,21.65,65.95,21.549999999999997,65.95,21.45,65.95,21.349999999999998,65.95,21.25,65.95,21.15,65.95,21.049999999999997,65.95,20.95,65.95
25.5,26.85,65.95,26.75,65.95,26.650000000000002,65.95,26.55,65.95,26.450000000000003,65.95,26.35,65.95,26.25,65.95,26.150000000000002,65.95,26.05,65.95,25.950000000000003,65.95,25.85,65.95,25.75,65.95,25.650000000000002,65.95,25.55,65.95,25.450000000000003,65.95,25.35,65.95,25.25,65.95,25.150000000000002,65.95,25.05,65.95,24.950000000000003,65.95,24.85,65.95,24.75,65.95,24.650000000000002,65.95,24.55,65.95,24.450000000000003,65.95,24.35,65.95,24.25,65.95,24.150000000000002,65.95,24.05,65.95,23.950000000000003,65.95,23.85,65.95,23.75,65.95,23.650000000000002,65.95,23.55,65.95,23.450000000000003,65.95,23.35,65.95,23.25,65.95,23.150000000000002,65.95,23.05,65.95,22.950000000000003,65.95,22.85,65.95,22.75,65.95,22.650000000000002,65.95,22.55,65.95,22.450000000000003,65.95,22.35,65.95,22.25,65.95,22.150000000000002,65.95,22.05,65.95,21.950000000000003,65.95,21.85,65.95,21.75,65.95,21.650000000000002,65.95,21.55,65.95,21.450000000000003,65.95,21.35,65.95,21.25,65.95,21.150000000000002,65.95,21.05,65.95,20.950000000000003,65.95,20.85,65.95
25.6,26.75,65.95,26.65,65.95,26.55,65.95,26.45,65.95,26.35,65.95,26.25,65.95,26.15,65.95,26.05,65.95,25.95,65.95,25.85,65.95,25.75,65.95,25.65,65.95,25.55,65.95,25.45,65.95,25.35,65.95,25.25,65.95,25.15,65.95,25.05,65.95,24.95,65.95,24.85,65.95,24.75,65.95,24.65,65.95,24.55,65.95,24.45,65.95,24.35,65.95,24.25,65.95,24.15,65.95,24.05,65.95,23.95,65.95,23.85,65.95,23.75,65.95,23.65,65.95,23.55,65.95,23.45,65.95,23.35,65.95,23.25,65.95,23.15,65.95,23.05,65.95,22.95,65.95,22.85,65.95,22.75,65.95,22.65,65.95,22.55,65.95,22.45,65.95,22.35,65.95,22.25,65.95,22.15,65.95,22.05,65.95,21.95,65.95,21.85,65.95,21.75,65.95,21.65,65.95,21.55,65.95,21.45,65.95,21.35,65.95,21.25,65.95,21.15,65.95,21.05,65.95,20.95,65.95,20.85,65.95,20.75,65.95
25.700000000000003,26.65,65.95,26.549999999999997,65.95,26.45,65.95,26.349999999999998,65.95,26.25,65.95,26.15,65.95,26.049999999999997,65.95,25.95,65.95,25.849999999999998,65.95,25.75,65.95,25.65,65.95,25.549999999999997,65.95,25.45,65.95,25.349999999999998,65.95,25.25,65.95,25.15,65.95,25.049999999999997,65.95,24.95,65.95,24.849999999999998,65.95,24.75,65.95,24.65,65.95,24.549999999999997,65.95,24.45,65.95,24.349999999999998,65.95,24.25,65.95,24.15,65.95,24.049999999999997,65.95,23.95,65.95,23.849999999999998,65.95,23.75,65.95,23.65,65.95,23.549999999999997,65.95,23.45,65.95,23.349999999999998,65.95,23.25,65.95,23.15,65.95,23.049999999999997,65.95,22.95,65.95,22.849999999999998,65.95,22.75,65.95,22.65,65.95,22.549999999999997,65.95,22.45,65.95,22.349999999999998,65.95,22.25,65.95,22.15,65.95,22.049999999999997,65.95,21.95,65.95,21.849999999999998,65.95,21.75,65.95,21.65,65.95,21.549999999999997,65.95,21.45,65.95,21.349999999999998,65.95,21.25,65.95,21.15,65.95,21.049999999999997,65.95,20.95,65.95,20.849999999999998,65.95,20.75,65.95,20.65,65.95
25.8,26.55,65.95,26.45,65.95,26.35,65.95,26.25,65.95,26.150000000000002,65.95,26.05,65.95,25.95,65.95,25.85,65.95,25.75,65.95,25.650000000000002,65.95,25.55,65.95,25.45,65.95,25.35,65.95,25.25,65.95,25.150000000000002,65.95,25.05,65.95,24.95,65.95,24.85,65.95,24.75,65.95,24.650000000000002,65.95,24.55,65.95,24.45,65.95,24.35,65.95,24.25,65.95,24.15,65.95,24.05,65.95,23.95,65.95,23.85,65.95,23.75,65.95,23.65,65.95,23.55,65.95,23.45,65.95,23.35,65.95,23.25,65.95,23.15,65.95,23.05,65.95,22.95,65.95,22.85,65.95,22.75,65.95,22.65,65.95,22.55,65.95,22.45,65.95,22.35,65.95,22.25,65.95,22.15,65.95,22.05,65.95,21.95,65.95,21.85,65.95,21.75,65.95,21.65,65.95,21.55,65.95,21.45,65.95,21.35,65.95,21.25,65.95,21.15,65.95,21.05,65.95,20.95,65.95,20.85,65.95,20.75,65.95,20.65,65.95,20.55,65.95
25.900000000000002,26.45,65.95,26.349999999999998,65.95,26.25,65.95,26.15,65.95,26.05,65.95,25.95,65.95,25.849999999999998,65.95,25.75,65.95,25.65,65.95,25.55,65.95,25.45,65.95,25.349999999999998,65.95,25.25,65.95,25.15,65.95,25.05,65.95,24.95,65.95,24.849999999999998,65.95,24.75,65.95,24.65,65.95,24.55,65.95,24.45,65.95,24.349999999999998,65.95,24.25,65.95,24.15,65.95,24.049999999999997,65.95,23.95,65.95,23.849999999999998,65.95,23.75,65.95,23.65,65.95,23.549999999999997,65.95,23.45,65.95,23.349999999999998,65.95,23.25,65.95,23.15,65.95,23.049999999999997,65.95,22.95,65.95,22.849999999999998,65.95,22.75,65.95,22.65,65.95,22.549999999999997,65.95,22.45,65.95,22.349999999999998,65.95,22.25,65.95,22.15,65.95,22.049999999999997,65.95,21.95,65.95,21.849999999999998,65.95,21.75,65.95,21.65,65.95,21.549999999999997,65.95,21.45,65.95,21.349999999999998,65.95,21.25,65.95,21.15,65.95,21.049999999999997,65.95,20.95,65.95,20.849999999999998,65.95,20.75,65.95,20.65,65.95,20.549999999999997,65.95,20.45,65.95
26.0,26.35,65.95,26.25,65.95,26.150000000000002,65.95,26.05,65.95,25.950000000000003,65.95,25.85,65.95,25.75,65.95,25.650000000000002,65.95,25.55,65.95,25.450000000000003,65.95,25.35,65.95,25.25,65.95,25.150000000000002,65.95,25.05,65.95,24.950000000000003,65.95,24.85,65.95,24.75,65.95,24.650000000000002,65.95,24.55,65.95,24.450000000000003,65.95,24.35,65.95,24.25,65.95,24.150000000000002,65.95,24.05,65.95,23.950000000000003,65.95,23.85,65.95,23.75,65.95,23.650000000000002,65.95,23.55,65.95,23.450000000000003,65.95,23.35,65.95,23.25,65.95,23.150000000000002,65.95,23.05,65.95,22.950000000000003,65.95,22.85,65.95,22.75,65.95,22.650000000000002,65.95,22.55,65.95,22.450000000000003,65.95,22.35,65.95,22.25,65.95,22.150000000000002,65.95,22.05,65.95,21.950000000000003,65.95,21.85,65.95,21.75,65.95,21.650000000000002,65.95,21.55,65.95,21.450000000000003,65.95,21.35,65.95,21.25,65.95,21.150000000000002,65.95,21.05,65.95,20.950000000000003,65.95,20.85,65.95,20.75,65.95,20.650000000000002,65.95,20.55,65.95,20.450000000000003,65.95,20.35,65.95
26.1,26.25,65.95,26.15,65.95,26.05,65.95,25.95,65.95,25.85,65.95,25.75,65.95,25.65,65.95,25.55,65.95,25.45,65.95,25.35,65.95,25.25,65.95,25.15,65.95,25.05,65.95,24.95,65.95,24.85,65.95,24.75,65.95,24.65,65.95,24.55,65.95,24.45,65.95,24.35,65.95,24.25,65.95,24.15,65.95,24.05,65.95,23.95,65.95,23.85,65.95,23.75,65.95,23.65,65.95,23.55,65.95,23.45,65.95,23.35,65.95,23.25,65.95,23.15,65.95,23.05,65.95,22.95,65.95,22.85,65.95,22.75,65.95,22.65,65.95,22.55,65.95,22.45,65.95,22.35,65.95,22.25,65.95,22.15,65.95,22.05,65.95,21.95,65.95,21.85,65.95,21.75,65.95,21.65,65.95,21.55,65.95,21.45,65.95,21.35,65.95,21.25,65.95,21.15,65.95,21.05,65.95,20.95,65.95,20.85,65.95,20.75,65.95,20.65,65.95,20.55,65.95,20.45,65.95,20.35,65.95,20.25,65.95
26.200000000000003,26.15,65.95,26.049999999999997,65.95,25.95,65.95,25.849999999999998,65.95,25.75,65.95,25.65,65.95,25.549999999999997,65.95,25.45,65.95,25.349999999999998,65.95,25.25,65.95,25.15,65.95,25.049999999999997,65.95,24.95,65.95,24.849999999999998,65.95,24.75,65.95,24.65,65.95,24.549999999999997,65.95,24.45,65.95,24.349999999999998,65.95,24.25,65.95,24.15,65.95,24.049999999999997,65.95,23.95,65.95,23.849999999999998,65.95,23.75,65.95,23.65,65.95,23.549999999999997,65.95,23.45,65.95,23.349999999999998,65.95,23.25,65.95,23.15,65.95,23.049999999999997,65.95,22.95,65.95,22.849999999999998,65.95,22.75,65.95,22.65,65.95,22.549999999999997,65.95,22.45,65.95,22.349999999999998,65.95,22.25,65.95,22.15,65.95,22.049999999999997,65.95,21.95,65.95,21.849999999999998,65.95,21.75,65.95,21.65,65.95,21.549999999999997,65.95,21.45,65.95,21.349999999999998,65.95,21.25,65.95,21.15,65.95,21.049999999999997,65.95,20.95,65.95,20.849999999999998,65.95,20.75,65.95,20.65,65.95,20.549999999999997,65.95,20.45,65.95,20.35,65.95,20.25,65.95,20.15,65.95
26.3,26.05,65.95,25.95,65.95,25.85,65.95,25.75,65.95,25.650000000000002,65.95,25.55,65.95,25.45,65.95,25.35,65.95,25.25,65.95,25.150000000000002,65.95,25.05,65.95,24.95,65.95,24.85,65.95,24.75,65.95,24.650000000000002,65.95,24.55,65.95,24.45,65.95,24.35,65.95,24.25,65.95,24.150000000000002,65.95,24.05,65.95,23.95,65.95,23.85,65.95,23.75,65.95,23.65,65.95,23.55,65.95,23.45,65.95,23.35,65.95,23.25,65.95,23.15,65.95,23.05,65.95,22.95,65.95,22.85,65.95,22.75,65.95,22.65,65.95,22.55,65.95,22.45,65.95,22.35,65.95,22.25,65.95,22.15,65.95,22.05,65.95,21.95,65.95,21.85,65.95,21.75,65.95,21.65,65.95,21.55,65.95,21.45,65.95,21.35,65.95,21.25,65.95,21.15,65.95,21.05,65.95,20.95,65.95,20.85,65.95,20.75,65.95,20.65,65.95,20.55,65.95,20.45,65.95,20.35,65.95,20.25,65.95,20.15,65.95,20.050000000000004,65.95
26.400000000000002,25.95,65.95,25.849999999999998,65.95,25.75,65.95,25.65,65.95,25.55,65.95,25.45,65.95,25.349999999999998,65.95,25.25,65.95,25.15,65.95,25.05,65.95,24.95,65.95,24.849999999999998,65.95,24.75,65.95,24.65,65.95,24.55,65.95,24.45,65.95,24.349999999999998,65.95,24.25,65.95,24.15,65.95,24.05,65.95,23.95,65.95,23.849999999999998,65.95,23.75,65.95,23.65,65.95,23.549999999999997,65.95,23.45,65.95,23.349999999999998,65.95,23.25,65.95,23.15,65.95,23.049999999999997,65.95,22.95,65.95,22.849999999999998,65.95,22.75,65.95,22.65,65.95,22.549999999999997,65.95,22.45,65.95,22.349999999999998,65.95,22.25,65.95,22.15,65.95,22.049999999999997,65.95,21.95,65.95,21.849999999999998,65.95,21.75,65.95,21.65,65.95,21.549999999999997,65.95,21.45,65.95,21.349999999999998,65.95,21.25,65.95,21.15,65.95,21.049999999999997,65.95,20.95,65.95,20.849999999999998,65.95,20.75,65.95,20.65,65.95,20.549999999999997,65.95,20.45,65.95,20.35,65.95,20.25,65.95,20.15,65.95,20.049999999999997,65.95,19.949999999999996,65.95
26.5,25.85,65.95,25.75,65.95,25.650000000000002,65.95,25.55,65.95,25.450000000000003,65.95,25.35,65.95,25.25,65.95,25.150000000000002,65.95,25.05,65.95,24.950000000000003,65.95,24.85,65.95,24.75,65.95,24.650000000000002,65.95,24.55,65.95,24.450000000000003,65.95,24.35,65.95,24.25,65.95,24.150000000000002,65.95,24.05,65.95,23.950000000000003,65.95,23.85,65.95,23.75,65.95,23.650000000000002,65.95,23.55,65.95,23.450000000000003,65.95,23.35,65.95,23.25,65.95,23.150000000000002,65.95,23.05,65.95,22.950000000000003,65.95,22.85,65.95,22.75,65.95,22.650000000000002,65.95,22.55,65.95,22.450000000000003,65.95,22.35,65.95,22.25,65.95,22.150000000000002,65.95,22.05,65.95,21.950000000000003,65.95,21.85,65.95,21.75,65.95,21.650000000000002,65.95,21.55,65.95,21.450000000000003,65.95,21.35,65.95,21.25,65.95,21.150000000000002,65.95,21.05,65.95,20.950000000000003,65.95,20.85,65.95,20.75,65.95,20.650000000000002,65.95,20.55,65.95,20.450000000000003,65.95,20.35,65.95,20.25,65.95,20.15,65.95,20.050000000000004,65.95,19.950000000000003,65.95,19.85,65.95
26.6,25.75,65.95,25.65,65.95,25.55,65.95,25.45,65.95,25.35,65.95,25.25,65.95,25.15,65.95,25.05,65.95,24.95,65.95,24.85,65.95,24.75,65.95,24.65,65.95,24.55,65.95,24.45,65.95,24.35,65.95,24.25,65.95,24.15,65.95,24.05,65.95,23.95,65.95,23.85,65.95,23.75,65.95,23.65,65.95,23.55,65.95,23.45,65.95,23.35,65.95,23.25,65.95,23.15,65.95,23.05,65.95,22.95,65.95,22.85,65.95,22.75,65.95,22.65,65.95,22.55,65.95,22.45,65.95,22.35,65.95,22.25,65.95,22.15,65.95,22.05,65.95,21.95,65.95,21.85,65.95,21.75,65.95,21.65,65.95,21.55,65.95,21.45,65.95,21.35,65.95,21.25,65.95,21.15,65.95,21.05,65.95,20.95,65.95,20.85,65.95,20.75,65.95,20.65,65.95,20.55,65.95,20.45,65.95,20.35,65.95,20.25,65.95,20.15,65.95,20.049999999999997,65.95,19.949999999999996,65.95,19.85,65.95,19.75,65.95
26.700000000000003,25.65,65.95,25.549999999999997,65.95,25.45,65.95,25.349999999999998,65.95,25.25,65.95,25.15,65.95,25.049999999999997,65.95,24.95,65.95,24.849999999999998,65.95,24.75,65.95,24.65,65.95,24.549999999999997,65.95,24.45,65.95,24.349999999999998,65.95,24.25,65.95,24.15,65.95,24.049999999999997,65.95,23.95,65.95,23.849999999999998,65.95,23.75,65.95,23.65,65.95,23.549999999999997,65.95,23.45,65.95,23.349999999999998,65.95,23.25,65.95,23.15,65.95,23.049999999999997,65.95,22.95,65.95,22.849999999999998,65.95,22.75,65.95,22.65,65.95,22.549999999999997,65.95,22.45,65.95,22.349999999999998,65.95,22.25,65.95,22.15,65.95,22.049999999999997,65.95,21.95,65.95,21.849999999999998,65.95,21.75,65.95,21.65,65.95,21.549999999999997,65.95,21.45,65.95,21.349999999999998,65.95,21.25,65.95,21.15,65.95,21.049999999999997,65.95,20.95,65.95,20.849999999999998,65.95,20.75,65.95,20.65,65.95,20.549999999999997,65.95,20.45,65.95,20.35,65.95,20.25,65.95,20.15,65.95,20.049999999999997,65.95,19.949999999999996,65.95,19.85,65.95,19.75,65.95,19.65,65.95
26.8,25.55,65.95,25.45,65.95,25.35,65.95,25.25,65.95,25.150000000000002,65.95,25.05,65.95,24.95,65.95,24.85,65.95,24.75,65.95,24.650000000000002,65.95,24.55,65.95,24.45,65.95,24.35,65.95,24.25,65.95,24.150000000000002,65.95,24.05,65.95,23.95,65.95,23.85,65.95,23.75,65.95,23.650000000000002,65.95,23.55,65.95,23.45,65.95,23.35,65.95,23.25,65.95,23.15,65.95,23.05,65.95,22.95,65.95,22.85,65.95,22.75,65.95,22.65,65.95,22.55,65.95,22.45,65.95,22.35,65.95,22.25,65.95,22.15,65.95,22.05,65.95,21.95,65.95,21.85,65.95,21.75,65.95,21.65,65.95,21.55,65.95,21.45,65.95,21.35,65.95,21.25,65.95,21.15,65.95,21.05,65.95,20.95,65.95,20.85,65.95,20.75,65.95,20.65,65.95,20.55,65.95,20.45,65.95,20.35,65.95,20.25,65.95,20.15,65.95,20.050000000000004,65.95,19.950000000000003,65.95,19.85,65.95,19.75,65.95,19.65,65.95,19.550000000000004,65.95
26.900000000000002,25.45,65.95,25.349999999999998,65.95,25.25,65.95,25.15,65.95,25.05,65.95,24.95,65.95,24.849999999999998,65.95,24.75,65.95,24.65,65.95,24.55,65.95,24.45,65.95,24.349999999999998,65.95,24.25,65.95,24.15,65.95,24.05,65.95,23.95,65.95,23.849999999999998,65.95,23.75,65.95,23.65,65.95,23.55,65.95,23.45,65.95,23.349999999999998,65.95,23.25,65.95,23.15,65.95,23.049999999999997,65.95,22.95,65.95,22.849999999999998,65.95,22.75,65.95,22.65,65.95,22.549999999999997,65.95,22.45,65.95,22.349999999999998,65.95,22.25,65.95,22.15,65.95,22.049999999999997,65.95,21.95,65.95,21.849999999999998,65.95,21.75,65.95,21.65,65.95,21.549999999999997,65.95,21.45,65.95,21.349999999999998,65.95,21.25,65.95,21.15,65.95,21.049999999999997,65.95,20.95,65.95,20.849999999999998,65.95,20.75,65.95,20.65,65.95,20.549999999999997,65.95,20.45,65.95,20.35,65.95,20.25,65.95,20.15,65.95,20.049999999999997,65.95,19.949999999999996,65.95,19.85,65.95,19.75,65.95,19.65,65.95,19.549999999999997,65.95,19.449999999999996,65.95
27.0,25.35,65.95,25.25,65.95,25.150000000000002,65.95,25.05,65.95,24.950000000000003,65.95,24.85,65.95,24.75,65.95,24.650000000000002,65.95,24.55,65.95,24.450000000000003,65.95,24.35,65.95,24.25,65.95,24.150000000000002,65.95,24.05,65.95,23.950000000000003,65.95,23.85,65.95,23.75,65.95,23.650000000000002,65.95,23.55,65.95,23.450000000000003,65.95,23.35,65.95,23.25,65.95,23.150000000000002,65.95,23.05,65.95,22.950000000000003,65.95,22.85,65.95,22.75,65.95,22.650000000000002,65.95,22.55,65.95,22.450000000000003,65.95,22.35,65.95,22.25,65.95,22.150000000000002,65.95,22.05,65.95,21.950000000000003,65.95,21.85,65.95,21.75,65.95,21.650000000000002,65.95,21.55,65.95,21.450000000000003,65.95,21.35,65.95,21.25,65.95,21.150000000000002,65.95,21.05,65.95,20.950000000000003,65.95,20.85,65.95,20.75,65.95,20.650000000000002,65.95,20.55,65.95,20.450000000000003,65.95,20.35,65.95,20.25,65.95,20.15,65.95,20.050000000000004,65.95,19.950000000000003,65.95,19.85,65.95,19.75,65.95,19.65,65.95,19.550000000000004,65.95,19.450000000000003,65.95,19.35,65.95
27.1,25.25,65.95,25.15,65.95,25.05,65.95,24.95,65.95,24.85,65.95,24.75,65.95,24.65,65.95,24.55,65.95,24.45,65.95,24.35,65.95,24.25,65.95,24.15,65.95,24.05,65.95,23.95,65.95,23.85,65.95,23.75,65.95,23.65,65.95,23.55,65.95,23.45,65.95,23.35,65.95,23.25,65.95,23.15,65.95,23.05,65.95,22.95,65.95,22.85,65.95,22.75,65.95,22.65,65.95,22.55,65.95,22.45,65.95,22.35,65.95,22.25,65.95,22.15,65.95,22.05,65.95,21.95,65.95,21.85,65.95,21.75,65.95,21.65,65.95,21.55,65.95,21.45,65.95,21.35,65.95,21.25,65.95,21.15,65.95,21.05,65.95,20.95,65.95,20.85,65.95,20.75,65.95,20.65,65.95,20.55,65.95,20.45,65.95,20.35,65.95,20.25,65.95,20.15,65.95,20.049999999999997,65.95,19.949999999999996,65.95,19.85,65.95,19.75,65.95,19.65,65.95,19.549999999999997,65.95,19.449999999999996,65.95,19.35,65.95,19.25,65.95
27.200000000000003,25.15,65.95,25.049999999999997,65.95,24.95,65.95,24.849999999999998,65.95,24.75,65.95,24.65,65.95,24.549999999999997,65.95,24.45,65.95,24.349999999999998,65.95,24.25,65.95,24.15,65.95,24.049999999999997,65.95,23.95,65.95,23.849999999999998,65.95,23.75,65.95,23.65,65.95,23.549999999999997,65.95,23.45,65.95,23.349999999999998,65.95,23.25,65.95,23.15,65.95,23.049999999999997,65.95,22.95,65.95,22.849999999999998,65.95,22.75,65.95,22.65,65.95,22.549999999999997,65.95,22.45,65.95,22.349999999999998,65.95,22.25,65.95,22.15,65.95,22.049999999999997,65.95,21.95,65.95,21.849999999999998,65.95,21.75,65.95,21.65,65.95,21.549999999999997,65.95,21.45,65.95,21.349999999999998,65.95,21.25,65.95,21.15,65.95,21.049999999999997,65.95,20.95,65.95,20.849999999999998,65.95,20.75,65.95,20.65,65.95,20.549999999999997,65.95,20.45,65.95,20.35,65.95,20.25,65.95,20.15,65.95,20.049999999999997,65.95,19.949999999999996,65.95,19.85,65.95,19.75,65.95,19.65,65.95,19.549999999999997,65.95,19.449999999999996,65.95,19.35,65.95,19.25,65.95,19.15,65.95
27.3,25.05,65.95,24.95,65.95,24.85,65.95,24.75,65.95,24.650000000000002,65.95,24.55,65.95,24.45,65.95,24.35,65.95,24.25,65.95,24.150000000000002,65.95,24.05,65.95,23.95,65.95,23.85,65.95,23.75,65.95,23.650000000000002,65.95,23.55,65.95,23.45,65.95,23.35,65.95,23.25,65.95,23.150000000000002,65.95,23.05,65.95,22.95,65.95,22.85,65.95,22.75,65.95,22.65,65.95,22.55,65.95,22.45,65.95,22.35,65.95,22.25,65.95,22.15,65.95,22.05,65.95,21.95,65.95,21.85,65.95,21.75,65.95,21.65,65.95,21.55,65.95,21.45,65.95,21.35,65.95,21.25,65.95,21.15,65.95,21.05,65.95,20.95,65.95,20.85,65.95,20.75,65.95,20.65,65.95,20.55,65.95,20.45,65.95,20.35,65.95,20.25,65.95,20.15,65.95,20.050000000000004,65.95,19.950000000000003,65.95,19.85,65.95,19.75,65.95,19.65,65.95,19.550000000000004,65.95,19.450000000000003,65.95,19.35,65.95,19.25,65.95,19.15,65.95,19.050000000000004,65.95
27.400000000000002,24.95,65.95,24.849999999999998,65.95,24.75,65.95,24.65,65.95,24.55,65.95,24.45,65.95,24.349999999999998,65.95,24.25,65.95,24.15,65.95,24.05,65.95,23.95,65.95,23.849999999999998,65.95,23.75,65.95,23.65,65.95,23.55,65.95,23.45,65.95,23.349999999999998,65.95,23.25,65.95,23.15,65.95,23.05,65.95,22.95,65.95,22.849999999999998,65.95,22.75,65.95,22.65,65.95,22.549999999999997,65.95,22.45,65.95,22.349999999999998,65.95,22.25,65.95,22.15,65.95,22.049999999999997,65.95,21.95,65.95,21.849999999999998,65.95,21.75,65.95,21.65,65.95,21.549999999999997,65.95,21.45,65.95,21.349999999999998,65.95,21.25,65.95,21.15,65.95,21.049999999999997,65.95,20.95,65.95,20.849999999999998,65.95,20.75,65.95,20.65,65.95,20.549999999999997,65.95,20.45,65.95,20.35,65.95,20.25,65.95,20.15,65.95,20.049999999999997,65.95,19.949999999999996,65.95,19.85,65.95,19.75,65.95,19.65,65.95,19.549999999999997,65.95,19.449999999999996,65.95,19.35,65.95,19.25,65.95,19.15,65.95,19.049999999999997,65.95,18.949999999999996,65.95
27.5,24.85,65.95,24.75,65.95,24.650000000000002,65.95,24.55,65.95,24.450000000000003,65.95,24.35,65.95,24.25,65.95,24.150000000000002,65.95,24.05,65.95,23.950000000000003,65.95,23.85,65.95,23.75,65.95,23.650000000000002,65.95,23.55,65.95,23.450000000000003,65.95,23.35,65.95,23.25,65.95,23.150000000000002,65.95,23.05,65.95,22.950000000000003,65.95,22.85,65.95,22.75,65.95,22.650000000000002,65.95,22.55,65.95,22.450000000000003,65.95,22.35,65.95,22.25,65.95,22.150000000000002,65.95,22.05,65.95,21.950000000000003,65.95,21.85,65.95,21.75,65.95,21.650000000000002,65.95,21.55,65.95,21.450000000000003,65.95,21.35,65.95,21.25,65.95,21.150000000000002,65.95,21.05,65.95,20.950000000000003,65.95,20.85,65.95,20.75,65.95,20.650000000000002,65.95,20.55,65.95,20.450000000000003,65.95,20.35,65.95,20.25,65.95,20.15,65.95,20.050000000000004,65.95,19.950000000000003,65.95,19.85,65.95,19.75,65.95,19.65,65.95,19.550000000000004,65.95,19.450000000000003,65.95,19.35,65.95,19.25,65.95,19.15,65.95,19.050000000000004,65.95,18.950000000000003,65.95,18.85,65.95
27.6,24.75,65.95,24.65,65.95,24.55,65.95,24.45,65.95,24.35,65.95,24.25,65.95,24.15,65.95,24.05,65.95,23.95,65.95,23.85,65.95,23.75,65.95,23.65,65.95,23.55,65.95,23.45,65.95,23.35,65.95,23.25,65.95,23.15,65.95,23.05,65.95,22.95,65.95,22.85,65.95,22.75,65.95,22.65,65.95,22.55,65.95,22.45,65.95,22.35,65.95,22.25,65.95,22.15,65.95,22.05,65.95,21.95,65.95,21.85,65.95,21.75,65.95,21.65,65.95,21.55,65.95,21.45,65.95,21.35,65.95,21.25,65.95,21.15,65.95,21.05,65.95,20.95,65.95,20.85,65.95,20.75,65.95,20.65,65.95,20.55,65.95,20.45,65.95,20.35,65.95,20.25,65.95,20.15,65.95,20.049999999999997,65.95,19.949999999999996,65.95,19.85,65.95,19.75,65.95,19.65,65.95,19.549999999999997,65.95,19.449999999999996,65.95,19.35,65.95,19.25,65.95,19.15,65.95,19.049999999999997,65.95,18.949999999999996,65.95,18.85,65.95,18.75,65.95
27.700000000000003,24.65,65.95,24.549999999999997,65.95,24.45,65.95,24.349999999999998,65.95,24.25,65.95,24.15,65.95,24.049999999999997,65.95,23.95,65.95,23.849999999999998,65.95,23.75,65.95,23.65,65.95,23.549999999999997,65.95,23.45,65.95,23.349999999999998,65.95,23.25,65.95,23.15,65.95,23.049999999999997,65.95,22.95,65.95,22.849999999999998,65.95,22.75,65.95,22.65,65.95,22.549999999999997,65.95,22.45,65.95,22.349999999999998,65.95,22.25,65.95,22.15,65.95,22.049999999999997,65.95,21.95,65.95,21.849999999999998,65.95,21.75,65.95,21.65,65.95,21.549999999999997,65.95,21.45,65.95,21.349999999999998,65.95,21.25,65.95,21.15,65.95,21.049999999999997,65.95,20.95,65.95,20.849999999999998,65.95,20.75,65.95,20.65,65.95,20.549999999999997,65.95,20.45,65.95,20.35,65.95,20.25,65.95,20.15,65.95,20.049999999999997,65.95,19.949999999999996,65.95,19.85,65.95,19.75,65.95,19.65,65.95,19.549999999999997,65.95,19.449999999999996,65.95,19.35,65.95,19.25,65.95,19.15,65.95,19.049999999999997,65.95,18.949999999999996,65.95,18.85,65.95,18.75,65.95,18.65,65.95
27.8,24.55,65.95,24.45,65.95,24.35,65.95,24.25,65.95,24.150000000000002,65.95,24.05,65.95,23.95,65.95,23.85,65.95,23.75,65.95,23.650000000000002,65.95,23.55,65.95,23.45,65.95,23.35,65.95,23.25,65.95,23.150000000000002,65.95,23.05,65.95,22.95,65.95,22.85,65.95,22.75,65.95,22.650000000000002,65.95,22.55,65.95,22.45,65.95,22.35,65.95,22.25,65.95,22.15,65.95,22.05,65.95,21.95,65.95,21.85,65.95,21.75,65.95,21.65,65.95,21.55,65.95,21.45,65.95,21.35,65.95,21.25,65.95,21.15,65.95,21.05,65.95,20.95,65.95,20.85,65.95,20.75,65.95,20.65,65.95,20.55,65.95,20.45,65.95,20.35,65.95,20.25,65.95,20.15,65.95,20.050000000000004,65.95,19.950000000000003,65.95,19.85,65.95,19.75,65.95,19.65,65.95,19.550000000000004,65.95,19.450000000000003,65.95,19.35,65.95,19.25,65.95,19.15,65.95,19.050000000000004,65.95,18.950000000000003,65.95,18.85,65.95,18.75,65.95,18.65,65.95,18.550000000000004,65.95
27.900000000000002,24.45,65.95,24.349999999999998,65.95,24.25,65.95,24.15,65.95,24.05,65.95,23.95,65.95,23.849999999999998,65.95,23.75,65.95,23.65,65.95,23.55,65.95,23.45,65.95,23.349999999999998,65.95,23.25,65.95,23.15,65.95,23.05,65.95,22.95,65.95,22.849999999999998,65.95,22.75,65.95,22.65,65.95,22.55,65.95,22.45,65.95,22.349999999999998,65.95,22.25,65.95,22.15,65.95,22.049999999999997,65.95,21.95,65.95,21.849999999999998,65.95,21.75,65.95,21.65,65.95,21.549999999999997,65.95,21.45,65.95,21.349999999999998,65.95,21.25,65.95,21.15,65.95,21.049999999999997,65.95,20.95,65.95,20.849999999999998,65.95,20.75,65.95,20.65,65.95,20.549999999999997,65.95,20.45,65.95,20.35,65.95,20.25,65.95,20.15,65.95,20.049999999999997,65.95,19.949999999999996,65.95,19.85,65.95,19.75,65.95,19.65,65.95,19.549999999999997,65.95,19.449999999999996,65.95,19.35,65.95,19.25,65.95,19.15,65.95,19.049999999999997,65.95,18.949999999999996,65.95,18.85,65.95,18.75,65.95,18.65,65.95,18.549999999999997,65.95,18.449999999999996,65.95
28.0,24.35,65.95,24.25,65.95,24.150000000000002,65.95,24.05,65.95,23.950000000000003,65.95,23.85,65.95,23.75,65.95,23.650000000000002,65.95,23.55,65.95,23.450000000000003,65.95,23.35,65.95,23.25,65.95,23.150000000000002,65.95,23.05,65.95,22.950000000000003,65.95,22.85,65.95,22.75,65.95,22.650000000000002,65.95,22.55,65.95,22.450000000000003,65.95,22.35,65.95,22.25,65.95,22.150000000000002,65.95,22.05,65.95,21.950000000000003,65.95,21.85,65.95,21.75,65.95,21.650000000000002,65.95,21.55,65.95,21.450000000000003,65.95,21.35,65.95,21.25,65.95,21.150000000000002,65.95,21.05,65.95,20.950000000000003,65.95,20.85,65.95,20.75,65.95,20.650000000000002,65.95,20.55,65.95,20.450000000000003,65.95,20.35,65.95,20.25,65.95,20.15,65.95,20.050000000000004,65.95,19.950000000000003,65.95,19.85,65.95,19.75,65.95,19.65,65.95,19.550000000000004,65.95,19.450000000000003,65.95,19.35,65.95,19.25,65.95,19.15,65.95,19.050000000000004,65.95,18.950000000000003,65.95,18.85,65.95,18.75,65.95,18.65,65.95,18.550000000000004,65.95,18.450000000000003,65.95,18.35,65.95
28.1,24.25,65.95,24.15,65.95,24.05,65.95,23.95,65.95,23.85,65.95,23.75,65.95,23.65,65.95,23.55,65.95,23.45,65.95,23.35,65.95,23.25,65.95,23.15,65.95,23.05,65.95,22.95,65.95,22.85,65.95,22.75,65.95,22.65,65.95,22.55,65.95,22.45,65.95,22.35,65.95,22.25,65.95,22.15,65.95,22.05,65.95,21.95,65.95,21.85,65.95,21.75,65.95,21.65,65.95,21.55,65.95,21.45,65.95,21.35,65.95,21.25,65.95,21.15,65.95,21.05,65.95,20.95,65.95,20.85,65.95,20.75,65.95,20.65,65.95,20.55,65.95,20.45,65.95,20.35,65.95,20.25,65.95,20.15,65.95,20.049999999999997,65.95,19.950000000000003,65.95,19.85,65.95,19.75,65.95,19.65,65.95,19.549999999999997,65.95,19.449999999999996,65.95,19.35,65.95,19.25,65.95,19.15,65.95,19.049999999999997,65.95,18.949999999999996,65.95,18.85,65.95,18.75,65.95,18.65,65.95,18.549999999999997,65.95,18.449999999999996,65.95,18.35,65.95,18.25,65.95
28.200000000000003,24.15,65.95,24.049999999999997,65.95,23.95,65.95,23.849999999999998,65.95,23.75,65.95,23.65,65.95,23.549999999999997,65.95,23.45,65.95,23.349999999999998,65.95,23.25,65.95,23.15,65.95,23.049999999999997,65.95,22.95,65.95,22.849999999999998,65.95,22.75,65.95,22.65,65.95,22.549999999999997,65.95,22.45,65.95,22.349999999999998,65.95,22.25,65.95,22.15,65.95,22.049999999999997,65.95,21.95,65.95,21.849999999999998,65.95,21.75,65.95,21.65,65.95,21.549999999999997,65.95,21.45,65.95,21.349999999999998,65.95,21.25,65.95,21.15,65.95,21.049999999999997,65.95,20.95,65.95,20.849999999999998,65.95,20.75,65.95,20.65,65.95,20.549999999999997,65.95,20.45,65.95,20.35,65.95,20.25,65.95,20.15,65.95,20.049999999999997,65.95,19.949999999999996,65.95,19.85,65.95,19.75,65.95,19.65,65.95,19.549999999999997,65.95,19.449999999999996,65.95,19.35,65.95,19.25,65.95,19.15,65.95,19.049999999999997,65.95,18.949999999999996,65.95,18.85,65.95,18.75,65.95,18.65,65.95,18.549999999999997,65.95,18.449999999999996,65.95,18.35,65.95,18.25,65.95,18.15,65.95
28.3,24.05,65.95,23.95,65.95,23.85,65.95,23.75,65.95,23.650000000000002,65.95,23.55,65.95,23.45,65.95,23.35,65.95,23.25,65.95,23.150000000000002,65.95,23.05,65.95,22.95,65.95,22.85,65.95,22.75,65.95,22.650000000000002,65.95,22.55,65.95,22.45,65.95,22.35,65.95,22.25,65.95,22.150000000000002,65.95,22.05,65.95,21.95,65.95,21.85,65.95,21.75,65.95,21.65,65.95,21.55,65.95,21.45,65.95,21.35,65.95,21.25,65.95,21.15,65.95,21.05,65.95,20.95,65.95,20.85,65.95,20.75,65.95,20.65,65.95,20.55,65.95,20.45,65.95,20.35,65.95,20.25,65.95,20.15,65.95,20.050000000000004,65.95,19.950000000000003,65.95,19.85,65.95,19.75,65.95,19.65,65.95,19.550000000000004,65.95,19.450000000000003,65.95,19.35,65.95,19.25,65.95,19.15,65.95,19.050000000000004,65.95,18.950000000000003,65.95,18.85,65.95,18.75,65.95,18.65,65.95,18.550000000000004,65.95,18.450000000000003,65.95,18.35,65.95,18.25,65.95,18.15,65.95,18.050000000000004,65.95
28.400000000000002,23.95,65.95,23.849999999999998,65.95,23.75,65.95,23.65,65.95,23.55,65.95,23.45,65.95,23.349999999999998,65.95,23.25,65.95,23.15,65.95,23.05,65.95,22.95,65.95,22.849999999999998,65.95,22.75,65.95,22.65,65.95,22.55,65.95,22.45,65.95,22.349999999999998,65.95,22.25,65.95,22.15,65.95,22.05,65.95,21.95,65.95,21.849999999999998,65.95,21.75,65.95,21.65,65.95,21.549999999999997,65.95,21.45,65.95,21.349999999999998,65.95,21.25,65.95,21.15,65.95,21.049999999999997,65.95,20.95,65.95,20.849999999999998,65.95,20.75,65.95,20.65,65.95,20.549999999999997,65.95,20.45,65.95,20.35,65.95,20.25,65.95,20.15,65.95,20.049999999999997,65.95,19.949999999999996,65.95,19.85,65.95,19.75,65.95,19.65,65.95,19.549999999999997,65.95,19.449999999999996,65.95,19.35,65.95,19.25,65.95,19.15,65.95,19.049999999999997,65.95,18.949999999999996,65.95,18.85,65.95,18.75,65.95,18.65,65.95,18.549999999999997,65.95,18.449999999999996,65.95,18.35,65.95,18.25,65.95,18.15,65.95,18.049999999999997,65.95,17.949999999999996,65.95
28.5,23.85,65.95,23.75,65.95,23.650000000000002,65.95,23.55,65.95,23.450000000000003,65.95,23.35,65.95,23.25,65.95,23.150000000000002,65.95,23.05,65.95,22.950000000000003,65.95,22.85,65.95,22.75,65.95,22.650000000000002,65.95,22.55,65.95,22.450000000000003,65.95,22.35,65.95,22.25,65.95,22.150000000000002,65.95,22.05,65.95,21.950000000000003,65.95,21.85,65.95,21.75,65.95,21.650000000000002,65.95,21.55,65.95,21.450000000000003,65.95,21.35,65.95,21.25,65.95,21.150000000000002,65.95,21.05,65.95,20.950000000000003,65.95,20.85,65.95,20.75,65.95,20.650000000000002,65.95,20.55,65.95,20.450000000000003,65.95,20.35,65.95,20.25,65.95,20.15,65.95,20.050000000000004,65.95,19.950000000000003,65.95,19.85,65.95,19.75,65.95,19.65,65.95,19.550000000000004,65.95,19.450000000000003,65.95,19.35,65.95,19.25,65.95,19.15,65.95,19.050000000000004,65.95,18.950000000000003,65.95,18.85,65.95,18.75,65.95,18.65,65.95,18.550000000000004,65.95,18.450000000000003,65.95,18.35,65.95,18.25,65.95,18.15,65.95,18.050000000000004,65.95,17.950000000000003,65.95,17.85,65.95
28.6,23.75,65.95,23.65,65.95,23.55,65.95,23.45,65.95,23.35,65.95,23.25,65.95,23.15,65.95,23.05,65.95,22.95,65.95,22.85,65.95,22.75,65.95,22.65,65.95,22.55,65.95,22.45,65.95,22.35,65.95,22.25,65.95,22.15,65.95,22.05,65.95,21.95,65.95,21.85,65.95,21.75,65.95,21.65,65.95,21.55,65.95,21.45,65.95,21.35,65.95,21.25,65.95,21.15,65.95,21.05,65.95,20.95,65.95,20.85,65.95,20.75,65.95,20.65,65.95,20.55,65.95,20.45,65.95,20.35,65.95,20.25,65.95,20.15,65.95,20.049999999999997,65.95,19.950000000000003,65.95,19.85,65.95,19.75,65.95,19.65,65.95,19.549999999999997,65.95,19.450000000000003,65.95,19.35,65.95,19.25,65.95,19.15,65.95,19.049999999999997,65.95,18.949999999999996,65.95,18.85,65.95,18.75,65.95,18.65,65.95,18.549999999999997,65.95,18.449999999999996,65.95,18.35,65.95,18.25,65.95,18.15,65.95,18.049999999999997,65.95,17.949999999999996,65.95,17.85,65.95,17.75,65.95
28.700000000000003,23.65,65.95,23.549999999999997,65.95,23.45,65.95,23.349999999999998,65.95,23.25,65.95,23.15,65.95,23.049999999999997,65.95,22.95,65.95,22.849999999999998,65.95,22.75,65.95,22.65,65.95,22.549999999999997,65.95,22.45,65.95,22.349999999999998,65.95,22.25,65.95,22.15,65.95,22.049999999999997,65.95,21.95,65.95,21.849999999999998,65.95,21.75,65.95,21.65,65.95,21.549999999999997,65.95,21.45,65.95,21.349999999999998,65.95,21.25,65.95,21.15,65.95,21.049999999999997,65.95,20.95,65.95,20.849999999999998,65.95,20.75,65.95,20.65,65.95,20.549999999999997,65.95,20.45,65.95,20.35,65.95,20.25,65.95,20.15,65.95,20.049999999999997,65.95,19.949999999999996,65.95,19.85,65.95,19.75,65.95,19.65,65.95,19.549999999999997,65.95,19.449999999999996,65.95,19.35,65.95,19.25,65.95,19.15,65.95,19.049999999999997,65.95,18.949999999999996,65.95,18.85,65.95,18.75,65.95,18.65,65.95,18.549999999999997,65.95,18.449999999999996,65.95,18.35,65.95,18.25,65.95,18.15,65.95,18.049999999999997,65.95,17.949999999999996,65.95,17.85,65.95,17.75,65.95,17.65,65.95
28.8,23.55,65.95,23.45,65.95,23.35,65.95,23.25,65.95,23.150000000000002,65.95,23.05,65.95,22.95,65.95,22.85,65.95,22.75,65.95,22.650000000000002,65.95,22.55,65.95,22.45,65.95,22.35,65.95,22.25,65.95,22.150000000000002,65.95,22.05,65.95,21.95,65.95,21.85,65.95,21.75,65.95,21.650000000000002,65.95,21.55,65.95,21.45,65.95,21.35,65.95,21.25,65.95,21.15,65.95,21.05,65.95,20.95,65.95,20.85,65.95,20.75,65.95,20.65,65.95,20.55,65.95,20.45,65.95,20.35,65.95,20.25,65.95,20.15,65.95,20.050000000000004,65.95,19.950000000000003,65.95,19.85,65.95,19.75,65.95,19.65,65.95,19.550000000000004,65.95,19.450000000000003,65.95,19.35,65.95,19.25,65.95,19.15,65.95,19.050000000000004,65.95,18.950000000000003,65.95,18.85,65.95,18.75,65.95,18.65,65.95,18.550000000000004,65.95,18.450000000000003,65.95,18.35,65.95,18.25,65.95,18.15,65.95,18.050000000000004,65.95,17.950000000000003,65.95,17.85,65.95,17.75,65.95,17.65,65.95,17.550000000000004,65.95
28.900000000000002,23.45,65.95,23.349999999999998,65.95,23.25,65.95,23.15,65.95,23.05,65.95,22.95,65.95,22.849999999999998,65.95,22.75,65.95,22.65,65.95,22.55,65.95,22.45,65.95,22.349999999999998,65.95,22.25,65.95,22.15,65.95,22.05,65.95,21.95,65.95,21.849999999999998,65.95,21.75,65.95,21.65,65.95,21.55,65.95,21.45,65.95,21.349999999999998,65.95,21.25,65.95,21.15,65.95,21.049999999999997,65.95,20.95,65.95,20.849999999999998,65.95,20.75,65.95,20.65,65.95,20.549999999999997,65.95,20.45,65.95,20.35,65.95,20.25,65.95,20.15,65.95,20.049999999999997,65.95,19.949999999999996,65.95,19.85,65.95,19.75,65.95,19.65,65.95,19.549999999999997,65.95,19.449999999999996,65.95,19.35,65.95,19.25,65.95,19.15,65.95,19.049999999999997,65.95,18.949999999999996,65.95,18.85,65.95,18.75,65.95,18.65,65.95,18.549999999999997,65.95,18.449999999999996,65.95,18.35,65.95,18.25,65.95,18.15,65.95,18.049999999999997,65.95,17.949999999999996,65.95,17.85,65.95,17.75,65.95,17.65,65.95,17.549999999999997,65.95,17.449999999999996,65.95
29.0,23.35,65.95,23.25,65.95,23.150000000000002,65.95,23.05,65.95,22.950000000000003,65.95,22.85,65.95,22.75,65.95,22.650000000000002,65.95,22.55,65.95,22.450000000000003,65.95,22.35,65.95,22.25,65.95,22.150000000000002,65.95,22.05,65.95,21.950000000000003,65.95,21.85,65.95,21.75,65.95,21.650000000000002,65.95,21.55,65.95,21.450000000000003,65.95,21.35,65.95,21.25,65.95,21.150000000000002,65.95,21.05,65.95,20.950000000000003,65.95,20.85,65.95,20.75,65.95,20.650000000000002,65.95,20.55,65.95,20.450000000000003,65.95,20.35,65.95,20.25,65.95,20.15,65.95,20.050000000000004,65.95,19.950000000000003,65.95,19.85,65.95,19.75,65.95,19.65,65.95,19.550000000000004,65.95,19.450000000000003,65.95,19.35,65.95,19.25,65.95,19.15,65.95,19.050000000000004,65.95,18.950000000000003,65.95,18.85,65.95,18.75,65.95,18.65,65.95,18.550000000000004,65.95,18.450000000000003,65.95,18.35,65.95,18.25,65.95,18.15,65.95,18.050000000000004,65.95,17.950000000000003,65.95,17.85,65.95,17.75,65.95,17.65,65.95,17.550000000000004,65.95,17.450000000000003,65.95,17.35,65.95
29.1,23.25,65.95,23.15,65.95,23.05,65.95,22.95,65.95,22.85,65.95,22.75,65.95,22.65,65.95,22.55,65.95,22.45,65.95,22.35,65.95,22.25,65.95,22.15,65.95,22.05,65.95,21.95,65.95,21.85,65.95,21.75,65.95,21.65,65.95,21.55,65.95,21.45,65.95,21.35,65.95,21.25,65.95,21.15,65.95,21.05,65.95,20.95,65.95,20.85,65.95,20.75,65.95,20.65,65.95,20.55,65.95,20.45,65.95,20.35,65.95,20.25,65.95,20.15,65.95,20.049999999999997,65.95,19.950000000000003,65.95,19.85,65.95,19.75,65.95,19.65,65.95,19.549999999999997,65.95,19.450000000000003,65.95,19.35,65.95,19.25,65.95,19.15,65.95,19.049999999999997,65.95,18.950000000000003,65.95,18.85,65.95,18.75,65.95,18.65,65.95,18.549999999999997,65.95,18.449999999999996,65.95,18.35,65.95,18.25,65.95,18.15,65.95,18.049999999999997,65.95,17.949999999999996,65.95,17.85,65.95,17.75,65.95,17.65,65.95,17.549999999999997,65.95,17.449999999999996,65.95,17.35,65.95,17.25,65.95
29.200000000000003,23.15,65.95,23.049999999999997,65.95,22.95,65.95,22.849999999999998,65.95,22.75,65.95,22.65,65.95,22.549999999999997,65.95,22.45,65.95,22.349999999999998,65.95,22.25,65.95,22.15,65.95,22.049999999999997,65.95,21.95,65.95,21.849999999999998,65.95,21.75,65.95,21.65,65.95,21.549999999999997,65.95,21.45,65.95,21.349999999999998,65.95,21.25,65.95,21.15,65.95,21.049999999999997,65.95,20.95,65.95,20.849999999999998,65.95,20.75,65.95,20.65,65.95,20.549999999999997,65.95,20.45,65.95,20.35,65.95,20.25,65.95,20.15,65.95,20.049999999999997,65.95,19.949999999999996,65.95,19.85,65.95,19.75,65.95,19.65,65.95,19.549999999999997,65.95,19.449999999999996,65.95,19.35,65.95,19.25,65.95,19.15,65.95,19.049999999999997,65.95,18.949999999999996,65.95,18.85,65.95,18.75,65.95,18.65,65.95,18.549999999999997,65.95,18.449999999999996,65.95,18.35,65.95,18.25,65.95,18.15,65.95,18.049999999999997,65.95,17.949999999999996,65.95,17.85,65.95,17.75,65.95,17.65,65.95,17.549999999999997,65.95,17.449999999999996,65.95,17.35,65.95,17.25,65.95,17.15,65.95
29.3,23.05,65.95,22.95,65.95,22.85,65.95,22.75,65.95,22.650000000000002,65.95,22.55,65.95,22.45,65.95,22.35,65.95,22.25,65.95,22.150000000000002,65.95,22.05,65.95,21.95,65.95,21.85,65.95,21.75,65.95,21.650000000000002,65.95,21.55,65.95,21.45,65.95,21.35,65.95,21.25,65.95,21.150000000000002,65.95,21.05,65.95,20.95,65.95,20.85,65.95,20.75,65.95,20.65,65.95,20.55,65.95,20.45,65.95,20.35,65.95,20.25,65.95,20.15,65.95,20.050000000000004,65.95,19.950000000000003,65.95,19.85,65.95,19.75,65.95,19.65,65.95,19.550000000000004,65.95,19.450000000000003,65.95,19.35,65.95,19.25,65.95,19.15,65.95,19.050000000000004,65.95,18.950000000000003,65.95,18.85,65.95,18.75,65.95,18.65,65.95,18.550000000000004,65.95,18.450000000000003,65.95,18.35,65.95,18.25,65.95,18.15,65.95,18.050000000000004,65.95,17.950000000000003,65.95,17.85,65.95,17.75,65.95,17.65,65.95,17.550000000000004,65.95,17.450000000000003,65.95,17.35,65.95,17.25,65.95,17.15,65.95,17.050000000000004,65.95
29.400000000000002,22.95,65.95,22.849999999999998,65.95,22.75,65.95,22.65,65.95,22.55,65.95,22.45,65.95,22.349999999999998,65.95,22.25,65.95,22.15,65.95,22.05,65.95,21.95,65.95,21.849999999999998,65.95,21.75,65.95,21.65,65.95,21.55,65.95,21.45,65.95,21.349999999999998,65.95,21.25,65.95,21.15,65.95,21.05,65.95,20.95,65.95,20.849999999999998,65.95,20.75,65.95,20.65,65.95,20.549999999999997,65.95,20.45,65.95,20.35,65.95,20.25,65.95,20.15,65.95,20.049999999999997,65.95,19.949999999999996,65.95,19.85,65.95,19.75,65.95,19.65,65.95,19.549999999999997,65.95,19.449999999999996,65.95,19.35,65.95,19.25,65.95,19.15,65.95,19.049999999999997,65.95,18.949999999999996,65.95,18.85,65.95,18.75,65.95,18.65,65.95,18.549999999999997,65.95,18.449999999999996,65.95,18.35,65.95,18.25,65.95,18.15,65.95,18.049999999999997,65.95,17.949999999999996,65.95,17.85,65.95,17.75,65.95,17.65,65.95,17.549999999999997,65.95,17.449999999999996,65.95,17.35,65.95,17.25,65.95,17.15,65.95,17.049999999999997,65.95,16.949999999999996,65.95
29.5,22.85,65.95,22.75,65.95,22.650000000000002,65.95,22.55,65.95,22.450000000000003,65.95,22.35,65.95,22.25,65.95,22.150000000000002,65.95,22.05,65.95,21.950000000000003,65.95,21.85,65.95,21.75,65.95,21.650000000000002,65.95,21.55,65.95,21.450000000000003,65.95,21.35,65.95,21.25,65.95,21.150000000000002,65.95,21.05,65.95,20.950000000000003,65.95,20.85,65.95,20.75,65.95,20.650000000000002,65.95,20.55,65.95,20.450000000000003,65.95,20.35,65.95,20.25,65.95,20.15,65.95,20.050000000000004,65.95,19.950000000000003,65.95,19.85,65.95,19.75,65.95,19.65,65.95,19.550000000000004,65.95,19.450000000000003,65.95,19.35,65.95,19.25,65.95,19.15,65.95,19.050000000000004,65.95,18.950000000000003,65.95,18.85,65.95,18.75,65.95,18.65,65.95,18.550000000000004,65.95,18.450000000000003,65.95,18.35,65.95,18.25,65.95,18.15,65.95,18.050000000000004,65.95,17.950000000000003,65.95,17.85,65.95,17.75,65.95,17.65,65.95,17.550000000000004,65.95,17.450000000000003,65.95,17.35,65.95,17.25,65.95,17.15,65.95,17.050000000000004,65.95,16.950000000000003,65.95,16.85,65.95
29.6,22.75,65.95,22.65,65.95,22.55,65.95,22.45,65.95,22.35,65.95,22.25,65.95,22.15,65.95,22.05,65.95,21.95,65.95,21.85,65.95,21.75,65.95,21.65,65.95,21.55,65.95,21.45,65.95,21.35,65.95,21.25,65.95,21.15,65.95,21.05,65.95,20.95,65.95,20.85,65.95,20.75,65.95,20.65,65.95,20.55,65.95,20.45,65.95,20.35,65.95,20.25,65.95,20.15,65.95,20.049999999999997,65.95,19.950000000000003,65.95,19.85,65.95,19.75,65.95,19.65,65.95,19.549999999999997,65.95,19.450000000000003,65.95,19.35,65.95,19.25,65.95,19.15,65.95,19.049999999999997,65.95,18.950000000000003,65.95,18.85,65.95,18.75,65.95,18.65,65.95,18.549999999999997,65.95,18.450000000000003,65.95,18.35,65.95,18.25,65.95,18.15,65.95,18.049999999999997,65.95,17.949999999999996,65.95,17.85,65.95,17.75,65.95,17.65,65.95,17.549999999999997,65.95,17.449999999999996,65.95,17.35,65.95,17.25,65.95,17.15,65.95,17.049999999999997,65.95,16.949999999999996,65.95,16.85,65.95,16.75,65.95
29.700000000000003,22.65,65.95,22.549999999999997,65.95,22.45,65.95,22.349999999999998,65.95,22.25,65.95,22.15,65.95,22.049999999999997,65.95,21.95,65.95,21.849999999999998,65.95,21.75,65.95,21.65,65.95,21.549999999999997,65.95,21.45,65.95,21.349999999999998,65.95,21.25,65.95,21.15,65.95,21.049999999999997,65.95,20.95,65.95,20.849999999999998,65.95,20.75,65.95,20.65,65.95,20.549999999999997,65.95,20.45,65.95,20.35,65.95,20.25,65.95,20.15,65.95,20.049999999999997,65.95,19.949999999999996,65.95,19.85,65.95,19.75,65.95,19.65,65.95,19.549999999999997,65.95,19.449999999999996,65.95,19.35,65.95,19.25,65.95,19.15,65.95,19.049999999999997,65.95,18.949999999999996,65.95,18.85,65.95,18.75,65.95,18.65,65.95,18.549999999999997,65.95,18.449999999999996,65.95,18.35,65.95,18.25,65.95,18.15,65.95,18.049999999999997,65.95,17.949999999999996,65.95,17.85,65.95,17.75,65.95,17.65,65.95,17.549999999999997,65.95,17.449999999999996,65.95,17.35,65.95,17.25,65.95,17.15,65.95,17.049999999999997,65.95,16.949999999999996,65.95,16.85,65.95,16.75,65.95,16.65,65.95
29.8,22.55,65.95,22.45,65.95,22.35,65.95,22.25,65.95,22.150000000000002,65.95,22.05,65.95,21.95,65.95,21.85,65.95,21.75,65.95,21.650000000000002,65.95,21.55,65.95,21.45,65.95,21.35,65.95,21.25,65.95,21.150000000000002,65.95,21.05,65.95,20.95,65.95,20.85,65.95,20.75,65.95,20.650000000000002,65.95,20.55,65.95,20.45,65.95,20.35,65.95,20.25,65.95,20.15,65.95,20.050000000000004,65.95,19.950000000000003,65.95,19.85,65.95,19.75,65.95,19.65,65.95,19.550000000000004,65.95,19.450000000000003,65.95,19.35,65.95,19.25,65.95,19.15,65.95,19.050000000000004,65.95,18.950000000000003,65.95,18.85,65.95,18.75,65.95,18.65,65.95,18.550000000000004,65.95,18.450000000000003,65.95,18.35,65.95,18.25,65.95,18.15,65.95,18.050000000000004,65.95,17.950000000000003,65.95,17.85,65.95,17.75,65.95,17.65,65.95,17.550000000000004,65.95,17.450000000000003,65.95,17.35,65.95,17.25,65.95,17.15,65.95,17.050000000000004,65.95,16.950000000000003,65.95,16.85,65.95,16.75,65.95,16.65,65.95,16.550000000000004,65.95
29.900000000000002,22.45,65.95,22.349999999999998,65.95,22.25,65.95,22.15,65.95,22.05,65.95,21.95,65.95,21.849999999999998,65.95,21.75,65.95,21.65,65.95,21.55,65.95,21.45,65.95,21.349999999999998,65.95,21.25,65.95,21.15,65.95,21.05,65.95,20.95,65.95,20.849999999999998,65.95,20.75,65.95,20.65,65.95,20.55,65.95,20.45,65.95,20.35,65.95,20.25,65.95,20.15,65.95,20.049999999999997,65.95,19.949999999999996,65.95,19.85,65.95,19.75,65.95,19.65,65.95,19.549999999999997,65.95,19.449999999999996,65.95,19.35,65.95,19.25,65.95,19.15,65.95,19.049999999999997,65.95,18.949999999999996,65.95,18.85,65.95,18.75,65.95,18.65,65.95,18.549999999999997,65.95,18.449999999999996,65.95,18.35,65.95,18.25,65.95,18.15,65.95,18.049999999999997,65.95,17.949999999999996,65.95,17.85,65.95,17.75,65.95,17.65,65.95,17.549999999999997,65.95,17.449999999999996,65.95,17.35,65.95,17.25,65.95,17.15,65.95,17.049999999999997,65.95,16.949999999999996,65.95,16.85,65.95,16.75,65.95,16.65,65.95,16.549999999999997,65.95,16.449999999999996,65.95
30.0,22.35,65.95,22.25,65.95,22.150000000000002,65.95,22.05,65.95,21.950000000000003,65.95,21.85,65.95,21.75,65.95,21.650000000000002,65.95,21.55,65.95,21.450000000000003,65.95,21.35,65.95,21.25,65.95,21.150000000000002,65.95,21.05,65.95,20.950000000000003,65.95,20.85,65.95,20.75,65.95,20.650000000000002,65.95,20.55,65.95,20.450000000000003,65.95,20.35,65.95,20.25,65.95,20.15,65.95,20.050000000000004,65.95,19.950000000000003,65.95,19.85,65.95,19.75,65.95,19.65,65.95,19.550000000000004,65.95,19.450000000000003,65.95,19.35,65.95,19.25,65.95,19.15,65.95,19.050000000000004,65.95,18.950000000000003,65.95,18.85,65.95,18.75,65.95,18.65,65.95,18.550000000000004,65.95,18.450000000000003,65.95,18.35,65.95,18.25,65.95,18.15,65.95,18.050000000000004,65.95,17.950000000000003,65.95,17.85,65.95,17.75,65.95,17.65,65.95,17.550000000000004,65.95,17.450000000000003,65.95,17.35,65.95,17.25,65.95,17.15,65.95,17.050000000000004,65.95,16.950000000000003,65.95,16.85,65.95,16.75,65.95,16.65,65.95,16.550000000000004,65.95,16.450000000000003,65.95,16.35,65.95
